,User ID,Count,Unnamed: 0,Date,Tweet Count,Tweet Location,Tweet,label,city
0,306615832.0,76,163,2023-04-13,7501,,prabowo puan vs anies khofifah siapa jadi presiden ri,Negative,
1,306615832.0,76,853,2023-04-04,7501,,prabowo airlangga vs anies khofifah siapa jadi presiden ri,Negative,
2,306615832.0,76,1539,2023-03-23,7501,,bersama nu anies presiden ri,Negative,
3,306615832.0,76,1540,2023-03-23,7501,,bersama nu anies presiden ri,Negative,
4,306615832.0,76,1625,2023-03-22,7501,,indonesia jaya nu jaya anies presiden ri,Negative,
5,306615832.0,76,1668,2023-03-21,7501,,anies baswedan pemimpin mengayomi semua golongan presiden ri,Negative,
6,306615832.0,76,1792,2023-03-20,7501,,anies pemimpin merakyat sangat dekat dengan rakyat presiden ri,Negative,
7,306615832.0,76,1892,2023-03-19,7501,,anies baswedan keturunan asli wong suroboyo merah putih darahnya presiden ri,Negative,
8,306615832.0,76,2469,2023-03-12,7501,,mari seluruh indonesia bersatu dukung anies lawan oligarki selamatkan indonesia jangan biarkan orang baik berjuang sendiri anies presiden ri,Negative,
9,306615832.0,76,2560,2023-03-11,7501,,dekat dengan rakyat dekat dengan ulama anies presiden ri,Negative,
10,306615832.0,76,2583,2023-03-10,7501,,mari kita kebalikan kewarasan melalui anies baswedan presiden ri,Negative,
11,306615832.0,76,3013,2023-03-05,7501,,anies pemimpin merakyat presiden ri,Negative,
12,306615832.0,76,3422,2023-03-01,7501,,masya alloh semua berjuang untuk indonesia anies presiden ri,Negative,
13,306615832.0,76,4107,2023-02-23,7501,,anies pemimpin merakyat presiden ri,Negative,
14,306615832.0,76,4211,2023-02-22,7501,,anies presiden ri,Negative,
15,306615832.0,76,4240,2023-02-22,7501,,anies berkoalisi dengan rakyat tumbangkan oligarki selamatkan indonesia anies presiden ri,Negative,
16,306615832.0,76,4368,2023-02-20,7501,,mari bersatu lawan oligarki anies presiden ri,Negative,
17,306615832.0,76,4433,2023-02-19,7501,,maaf pancasila adalah harga mati anies presiden ri,Negative,
18,306615832.0,76,4572,2023-02-18,7501,,anies presiden ri,Negative,
19,306615832.0,76,4680,2023-02-17,7501,,anies pemimpin merakyat presiden ri,Negative,
20,306615832.0,76,4785,2023-02-16,7501,,rakyat semakin tak sabar anies presiden ri,Negative,
21,306615832.0,76,4792,2023-02-16,7501,,anies pemimpin pro rakyat presiden ri,Negative,
22,306615832.0,76,4924,2023-02-15,7501,,jangan biarkan orang baik kerja sendiri mari dukung anies presiden ri,Negative,
23,306615832.0,76,5192,2023-02-12,7501,,mengajar rakyat bersatu lawan oligarki anies presiden ri,Negative,
24,306615832.0,76,5319,2023-02-11,7501,,rakyat bersatu lawan oligarki anies presiden ri,Negative,
25,306615832.0,76,5321,2023-02-11,7501,,mari bersatu lawan oligarki anies presiden ri,Negative,
26,306615832.0,76,5519,2023-02-09,7501,,semakin diserang semakin didukung rakyat anies presiden ri,Negative,
27,306615832.0,76,5936,2023-02-04,7501,,mari rakyat bersatu lawan oligarki anies presiden ri,Negative,
28,306615832.0,76,6110,2023-02-02,7501,,rakyat bersatu lawan oligarki anies presiden ri,Negative,
29,306615832.0,76,6418,2023-01-31,7501,,lawan oligarki yang menyengsarakan rakyat selamatkan indonesia anies presiden ri,Negative,
30,306615832.0,76,6705,2023-01-30,7501,,anies pemimpin merakyat presiden ri,Negative,
31,306615832.0,76,7461,2023-01-24,7501,,anies pemimpin pro rakyat presiden ri,Negative,
32,306615832.0,76,7517,2023-01-24,7501,,anies pemimpin pro rakyat presiden ri,Negative,
33,306615832.0,76,8575,2023-01-16,7501,,anies presiden ri,Negative,
34,306615832.0,76,8930,2023-01-14,7501,,anies baswedan wong jowo asli presiden ri,Negative,
35,306615832.0,76,161,2023-04-13,7501,,prabowo puan vs anies khofifah siapa jadi presiden ri,Negative,
36,306615832.0,76,1553,2023-04-04,7501,,prabowo airlangga vs anies khofifah siapa jadi presiden ri,Negative,
37,306615832.0,76,6814,2023-01-31,7501,,lawan oligarki yang menyengsarakan rakyat selamatkan indonesia anies presiden ri,Negative,
38,306615832.0,76,752,2023-04-06,123,,udh lah bro jangan salah orang lain itu nama ya ngak bertanggung jawab gimana mau jd presiden negara bisa bangkrut dong kelaut lah ganjar dan pdip,Negative,
39,306615832.0,76,853,2023-04-04,588,"Malang, Jawa Timur",id publik sepakbola harus membalas kekecewaan kpd ganjar pranowo dan pdip di dan pihak lainnya yg menyebabkan pd  batal dengan tidak memilih mereka ganjar mencle mencle ia lebih patuhtunduk kpd ketum partai daripada kpd negara presiden dan rakyat yg bayar dia,Negative,Malang
40,306615832.0,76,1539,2023-03-23,2310111,Jakarta,menurut ganjar dalam kegiatan tersebut mereka hanya membahas politik pangan bukan politik menjelang pemilihan presiden mendatang,Negative,Jakarta
41,306615832.0,76,1601,2023-03-22,273,,kegiatan yang di gelar srikandi ganjar dpw sulawesi selatan yaitu penanaman mangrove bibit di kawasan wisata mangrove lantebung,Negative,
42,306615832.0,76,1603,2023-03-22,7677,"Jawa Tengah, Indonesia",pokoknya yen ora ganjar presiden  mending ora wae,Negative,Jawa Tengah
43,306615832.0,76,1625,2023-03-22,59,"Kota Kupang, NTT",pranowo,Negative,Kota Kupang
44,306615832.0,76,1702,2023-03-21,303,,silaturrahmi majelis taklim raudhatul hamidah rembang kabupaten pasuruan,Negative,
45,306615832.0,76,1759,2023-03-20,344,,desa mandiri didikan pak ganjar,Negative,
46,306615832.0,76,1892,2023-03-19,164,"DKI Jakarta, Indonesia",sangat layak pak ganjar cocok jadi presiden menikah nyeri kondom mulan merapi bali indonesia fomo kamulah pak prabowo nkri senin siang,Negative,DKI Jakarta
47,306615832.0,76,1983,2023-03-18,2548,,marufamin pokoknya presiden wajib pak ganjar pranowo,Negative,
48,306615832.0,76,2065,2023-03-17,1699012,INDONESIA,pdip tak ingin keakraban presiden jokowi prabowo dan ganjar di kebumen dikaitkan dengan pilpres,Negative,INDONESIA
49,306615832.0,76,2160,2023-03-16,180,"Sumatera Utara, Indonesia",jelang ramadhan srikandi gankar wilayah sumatera utara bersama ikatan remaja masjid baitul makmur melakukan kegiatan sosial aksi bersihbersih makam,Negative,Sumatera Utara
50,306615832.0,76,2445,2023-03-12,9422,Sampit,head to head pak ganjar pranowo tetap unggul dengan presentase sedangkan yohanies cuma masyarakat indonesia sudah memilih pak ganjar pranowo sebagai presiden republik indonesia,Negative,Sampit
51,306615832.0,76,2481,2023-03-12,6341,,deklarasi ribuan relawan ganjar pranowo propinsi sulawesi utara for presiden,Negative,
52,306615832.0,76,2653,2023-03-09,276,,pemilih jokowi dukung ganjar jadi presiden fuju rafael kuda pengacara worst ghibli agnes nikah mario malam minggu risih bts streaming battle better treatment for irene kim minjeong,Negative,
53,306615832.0,76,2785,2023-03-07,173,,ke pasar beli magic jar magic ja untuk merebus ketupat sama sama kita kawal pak ganjar jadi presiden indonesia aamiin,Negative,
54,306615832.0,76,2788,2023-03-07,16545,,cent lsg saja lantik pak ganjar jadi presiden biar dana pemilu utk bangun kesejahteraan rakyat okekdrun begoohh sihkan gila sampai matee,Negative,
55,306615832.0,76,2983,2023-03-05,213,Jawa Timur,penyuluhan pertanian dengan menggunakan pupuk organik cair bersama kelompok tani sumber pangan,Negative,Jawa Timur
56,306615832.0,76,3018,2023-03-05,893,"DKI Jakarta, Indonesia",bedah rumah bareng mak ganjar kaltim follow kami di untuk informasi lain dm kami,Negative,DKI Jakarta
57,306615832.0,76,4097,2023-02-23,697,"Nusa Tenggara Timur, Indonesia",masyarakat adat jawa barat dukung ganjar presiden pranowo,Negative,Nusa Tenggara Timur
58,306615832.0,76,4240,2023-02-22,76202,,gubernur jawa tengah ganjar pranowo pastikan stabilitas politik di jateng kondusif jelang tahun politik hal ini sebagai respons terhadap pesan presiden jokowi yang meminta kepala daerah menjaga stabilitas politik jelang pemilu,Negative,
59,306615832.0,76,4572,2023-02-18,1672978,,eks kepala desa sejawa barat dukung ganjar presiden,Negative,
60,306615832.0,76,4616,2023-02-17,6579,,para relawan di seluruh penjuru tanah air merapatkan barisan untuk memberikan suara untuk ganjar pranowo menjadi presiden dlm pilpres,Negative,
61,306615832.0,76,4729,2023-02-16,9692,"Tangerang, Banten",pak ganjar pranowo pasti mengerikan kalau jadi presiden bagi kaum golongan kandang kadrun penderitaan nya bertambah bisa tahun lagi,Negative,Tangerang
62,306615832.0,76,4970,2023-02-14,664,"Jakarta, DKI",menurut ketua nasional relawan kesehatan indonesia agung nugroho pdip akan tetap mengusung puan maharani meski gubernur jawa tengah ganjar pranowo memiliki elektabilitas di atasnya megawati akan mempertimbangkan bagaimana jadikan trah soekarno sebagai presiden,Negative,Jakarta
63,306615832.0,76,5009,2023-02-14,1252,,ganjar pantas menjadi presiden di,Negative,
64,306615832.0,76,5271,2023-02-11,447,"Bali, Indonesia",ratusan petani tebu madiun dukung ganjar presiden pranowo,Negative,Bali
65,306615832.0,76,5321,2023-02-11,427,,wapres dan pak ganjar pranowo resmikan pusat layanan usaha terpadu kumkm di tuntang kabupaten semarang,Negative,
66,306615832.0,76,5519,2023-02-09,1885,"Bandar Lampung, Lampung",bismillah yok pak ganjar for presiden pranowo,Negative,Bandar Lampung
67,306615832.0,76,5675,2023-02-07,176772,Indonesia,lembaga survei poltracking indonesia merilis hasil survei terkait simulasi bakal pasangan calon presidenwakil presiden potensial paslon caprescawapres yang cukup potensial adalah ganjar pranowo dan,Negative,Indonesia
68,306615832.0,76,6250,2023-02-01,366,,harus jadi,Negative,
69,306615832.0,76,6325,2023-02-01,337,kalimantan tengah,relawan desa di sulsel dukung ganjar presiden pranowo,Negative,kalimantan tengah
70,306615832.0,76,6619,2023-01-30,14319,,sahabat ganjar dorongan ganjar pranowo untuk menjadi presiden ri setelah kepemimpinan joko widodo semakin besar di berbagai daerah kini warga kalimantan tengah ambil bagian untuk mendeklarasikan ganjar pranowo di pilpres di kecamatan kurun kabupaten gunung mas,Negative,
71,306615832.0,76,6885,2023-01-28,144,"Gorontalo, Indonesia",pak ganjar luar biasa maju jadi presiden,Negative,Gorontalo
72,306615832.0,76,6961,2023-01-27,1931,"Nusa Tenggara Barat, Indonesia",nu dukung ganjar presiden pranowo,Negative,Nusa Tenggara Barat
73,306615832.0,76,7062,2023-01-26,2243,"Kota Mataram, Nusa Tenggara Ba",president jokowi bersama calon presiden ri ganjar pranowo pranowo,Negative,Kota Mataram
74,306615832.0,76,7412,2023-01-24,1029,"Nusa Tenggara Timur, Indonesia",ganjar pranowo pemimpin yang tepat untuk gantikan jokowi ganjar layak jadi presiden,Negative,Nusa Tenggara Timur
75,306615832.0,76,9141,2023-01-13,4017,,pak kerjaxbangun jatengbangun yg berdampak untuk rakyatdampak ekonomi pak ganjar jadi presidenpribumi harus jadi pemimpin diindonesiajgn indonesia ini dipimpin turunan asingyamanharga diri indonesia akan rendah dimata masyarakat dunia,Negative,
76,2887087309.0,71,3031,2023-03-21,15021,"DKI Jakarta, Indonesia",prabowo ganjar presiden dan wapres ri lawan kadrunkampret sama cebong hrs bersatu demi nkrilawan kadrun fpi hti khilafahisis,Negative,DKI Jakarta
77,2887087309.0,71,3211,2023-03-18,15021,"DKI Jakarta, Indonesia",prabowo presiden,Negative,DKI Jakarta
78,2887087309.0,71,3212,2023-03-18,15021,"DKI Jakarta, Indonesia",prabowo presiden,Negative,DKI Jakarta
79,2887087309.0,71,3856,2023-03-10,15021,"DKI Jakarta, Indonesia",prabowo presiden,Negative,DKI Jakarta
80,2887087309.0,71,3931,2023-03-09,15021,"DKI Jakarta, Indonesia",prabowo presiden,Negative,DKI Jakarta
81,2887087309.0,71,3947,2023-03-09,15021,"DKI Jakarta, Indonesia",prabowo presiden,Negative,DKI Jakarta
82,2887087309.0,71,3948,2023-03-09,15021,"DKI Jakarta, Indonesia",prabowo presiden,Negative,DKI Jakarta
83,2887087309.0,71,4045,2023-03-08,15021,"DKI Jakarta, Indonesia",prabowo presiden,Negative,DKI Jakarta
84,2887087309.0,71,4475,2023-03-03,15021,"DKI Jakarta, Indonesia",prabowo presiden,Negative,DKI Jakarta
85,2887087309.0,71,4549,2023-03-03,15021,"DKI Jakarta, Indonesia",prabowo presiden,Negative,DKI Jakarta
86,2887087309.0,71,4550,2023-03-03,15021,"DKI Jakarta, Indonesia",prabowo presiden,Negative,DKI Jakarta
87,2887087309.0,71,4551,2023-03-03,15021,"DKI Jakarta, Indonesia",prabowo presiden,Negative,DKI Jakarta
88,2887087309.0,71,4753,2023-02-28,15021,"DKI Jakarta, Indonesia",ri prabowo presiden ri,Negative,DKI Jakarta
89,2887087309.0,71,5088,2023-02-23,15021,"DKI Jakarta, Indonesia",prabowo presiden,Negative,DKI Jakarta
90,2887087309.0,71,5089,2023-02-23,15021,"DKI Jakarta, Indonesia",prabowo presiden ingat pesan kami mrprabowonkri jgn sampe jatuh ketangan imigrant yamanlanjutkan apa yg telah anda rintis bersama jokowi dlm kabinet,Negative,DKI Jakarta
91,2887087309.0,71,5240,2023-02-22,15021,"DKI Jakarta, Indonesia",prabowo presiden,Negative,DKI Jakarta
92,2887087309.0,71,5413,2023-02-19,15021,"DKI Jakarta, Indonesia",prabowo presiden,Negative,DKI Jakarta
93,2887087309.0,71,5467,2023-02-17,15021,"DKI Jakarta, Indonesia",prabowo presiden,Negative,DKI Jakarta
94,2887087309.0,71,5495,2023-02-17,15021,"DKI Jakarta, Indonesia",prabowo presiden,Negative,DKI Jakarta
95,2887087309.0,71,5508,2023-02-17,15021,"DKI Jakarta, Indonesia",prabowo presiden,Negative,DKI Jakarta
96,2887087309.0,71,5559,2023-02-16,15021,"DKI Jakarta, Indonesia",untuk mengatasi situasi politik indonesia yg terpolarisasi dan terpecah pecah nantinya saya percaya prabowo sosok yg tepat melanjutkan pemerintahan ini prabowo presiden,Negative,DKI Jakarta
97,2887087309.0,71,5598,2023-02-15,15021,"DKI Jakarta, Indonesia",prabowo presiden,Negative,DKI Jakarta
98,2887087309.0,71,5602,2023-02-15,15021,"DKI Jakarta, Indonesia",prabowo presiden,Negative,DKI Jakarta
99,2887087309.0,71,5680,2023-02-13,15021,"DKI Jakarta, Indonesia",ri prabowo presiden,Negative,DKI Jakarta
100,2887087309.0,71,5725,2023-02-12,15021,"DKI Jakarta, Indonesia",rosiade prabowo presiden ri,Negative,DKI Jakarta
101,2887087309.0,71,5735,2023-02-12,15021,"DKI Jakarta, Indonesia",prabowo presiden,Negative,DKI Jakarta
102,2887087309.0,71,5765,2023-02-11,15021,"DKI Jakarta, Indonesia",prabowo presiden,Negative,DKI Jakarta
103,2887087309.0,71,5769,2023-02-11,15021,"DKI Jakarta, Indonesia",ri prabowo presiden,Negative,DKI Jakarta
104,2887087309.0,71,5816,2023-02-10,15021,"DKI Jakarta, Indonesia",prabowo presiden,Negative,DKI Jakarta
105,2887087309.0,71,5948,2023-02-08,15021,"DKI Jakarta, Indonesia",maheswari prabowo presiden,Negative,DKI Jakarta
106,2887087309.0,71,5956,2023-02-08,15021,"DKI Jakarta, Indonesia",prabowo presiden,Negative,DKI Jakarta
107,2887087309.0,71,6035,2023-02-08,15021,"DKI Jakarta, Indonesia",akbar prabowo presiden,Negative,DKI Jakarta
108,2887087309.0,71,6096,2023-02-07,15021,"DKI Jakarta, Indonesia",prabowo presiden,Negative,DKI Jakarta
109,2887087309.0,71,6141,2023-02-06,15021,"DKI Jakarta, Indonesia",prabowo presiden,Negative,DKI Jakarta
110,2887087309.0,71,6142,2023-02-06,15021,"DKI Jakarta, Indonesia",prabowo presiden,Negative,DKI Jakarta
111,2887087309.0,71,6143,2023-02-06,15021,"DKI Jakarta, Indonesia",akbar prabowo presiden,Negative,DKI Jakarta
112,2887087309.0,71,6144,2023-02-06,15021,"DKI Jakarta, Indonesia",prabowo presiden,Negative,DKI Jakarta
113,2887087309.0,71,6145,2023-02-06,15021,"DKI Jakarta, Indonesia",prabowo presiden,Negative,DKI Jakarta
114,2887087309.0,71,6146,2023-02-06,15021,"DKI Jakarta, Indonesia",prabowo presiden,Negative,DKI Jakarta
115,2887087309.0,71,6147,2023-02-06,15021,"DKI Jakarta, Indonesia",vito prabowo presiden,Negative,DKI Jakarta
116,2887087309.0,71,6148,2023-02-06,15021,"DKI Jakarta, Indonesia",prabowo presiden,Negative,DKI Jakarta
117,2887087309.0,71,6154,2023-02-06,15021,"DKI Jakarta, Indonesia",prabowo presiden,Negative,DKI Jakarta
118,2887087309.0,71,6295,2023-02-06,15021,"DKI Jakarta, Indonesia",vito prabowo presiden,Negative,DKI Jakarta
119,2887087309.0,71,6297,2023-02-06,15021,"DKI Jakarta, Indonesia",prabowo presiden,Negative,DKI Jakarta
120,2887087309.0,71,6317,2023-02-06,15021,"DKI Jakarta, Indonesia",prabowo presiden,Negative,DKI Jakarta
121,2887087309.0,71,6348,2023-02-05,15021,"DKI Jakarta, Indonesia",prabowo presiden,Negative,DKI Jakarta
122,2887087309.0,71,6371,2023-02-05,15021,"DKI Jakarta, Indonesia",prabowo presiden,Negative,DKI Jakarta
123,2887087309.0,71,6475,2023-02-03,15021,"DKI Jakarta, Indonesia",rosiade ri prabowo presiden,Negative,DKI Jakarta
124,2887087309.0,71,6788,2023-02-01,15021,"DKI Jakarta, Indonesia",prabowo presiden,Negative,DKI Jakarta
125,2887087309.0,71,7115,2023-01-27,15021,"DKI Jakarta, Indonesia",prabowo presiden,Negative,DKI Jakarta
126,2887087309.0,71,7121,2023-01-26,15021,"DKI Jakarta, Indonesia",id prabowo presiden,Negative,DKI Jakarta
127,2887087309.0,71,7122,2023-01-26,15021,"DKI Jakarta, Indonesia",prabowo presiden,Negative,DKI Jakarta
128,2887087309.0,71,7223,2023-01-25,15021,"DKI Jakarta, Indonesia",prabowo presiden,Negative,DKI Jakarta
129,2887087309.0,71,7301,2023-01-25,15021,"DKI Jakarta, Indonesia",prabowo presiden,Negative,DKI Jakarta
130,2887087309.0,71,7346,2023-01-24,15021,"DKI Jakarta, Indonesia",tweet prabowo presiden,Negative,DKI Jakarta
131,2887087309.0,71,7547,2023-01-21,15021,"DKI Jakarta, Indonesia",prabowo presiden,Negative,DKI Jakarta
132,2887087309.0,71,7994,2023-01-18,15021,"DKI Jakarta, Indonesia",vito prabowo presiden,Negative,DKI Jakarta
133,2887087309.0,71,9021,2023-01-08,15021,"DKI Jakarta, Indonesia",prabowo presiden,Negative,DKI Jakarta
134,2887087309.0,71,9099,2023-01-07,15021,"DKI Jakarta, Indonesia",akbar sudahlah gk usah metani dosa orang aje kerjanyapresiden ri tdk usah anis dan tdk usah ganjar cari pribumi yg lain kan selesai gk usah berisikcukup prabowo,Negative,DKI Jakarta
135,2887087309.0,71,9130,2023-01-06,15021,"DKI Jakarta, Indonesia",etkleesegh akbar prabowo presiden,Negative,DKI Jakarta
136,2887087309.0,71,9137,2023-01-06,15021,"DKI Jakarta, Indonesia",bukan anis bukan juga ganjar tp prabowo presiden yg penting jgn antitesa karena prabowo jg bagian yg ikut berjuang membangun di era jokowiteruskan apa yg sdh dirintis utk maju dan lbh besar demi nkri,Negative,DKI Jakarta
137,2887087309.0,71,9233,2023-01-04,15021,"DKI Jakarta, Indonesia",prabowo presiden,Negative,DKI Jakarta
138,2887087309.0,71,9451,2022-12-30,15021,"DKI Jakarta, Indonesia",prabowo presiden,Negative,DKI Jakarta
139,2887087309.0,71,9848,2022-12-14,15021,"DKI Jakarta, Indonesia",prabowo presiden kampretcebong bersatu lawan kadrun,Negative,DKI Jakarta
140,2887087309.0,71,9929,2022-12-12,15021,"DKI Jakarta, Indonesia",maju trs mr prabowo utk presiden,Negative,DKI Jakarta
141,2887087309.0,71,9932,2022-12-12,15021,"DKI Jakarta, Indonesia",prabowo presiden,Negative,DKI Jakarta
142,2887087309.0,71,9941,2022-12-10,15021,"DKI Jakarta, Indonesia",prabowo presiden,Negative,DKI Jakarta
143,2887087309.0,71,9945,2022-12-10,15021,"DKI Jakarta, Indonesia",prabowo presiden,Negative,DKI Jakarta
144,2887087309.0,71,9946,2022-12-10,15021,"DKI Jakarta, Indonesia",kami maklumprabowo presiden,Negative,DKI Jakarta
145,2887087309.0,71,9959,2022-12-09,15021,"DKI Jakarta, Indonesia",rosiade prabowo presiden,Negative,DKI Jakarta
146,2887087309.0,71,9961,2022-12-09,15021,"DKI Jakarta, Indonesia",prabowo presiden,Negative,DKI Jakarta
147,485856546.0,61,1226,2023-03-27,3148,,idha anies presiden ri,Negative,
148,485856546.0,61,1831,2023-03-19,3148,,anies presiden ri,Negative,
149,485856546.0,61,1975,2023-03-18,3148,,anies presiden ri,Negative,
150,485856546.0,61,2757,2023-03-08,3148,,anies presiden ri,Negative,
151,485856546.0,61,2784,2023-03-07,3148,,anies presiden ri,Negative,
152,485856546.0,61,2790,2023-03-07,3148,,chotimah tetap anies presiden ri,Negative,
153,485856546.0,61,3079,2023-03-04,3148,,anies presiden ri,Negative,
154,485856546.0,61,3151,2023-03-03,3148,,anies presiden ri,Negative,
155,485856546.0,61,3153,2023-03-03,3148,,anies presiden ri,Negative,
156,485856546.0,61,3196,2023-03-02,3148,,anies presiden ri,Negative,
157,485856546.0,61,3222,2023-03-02,3148,,anies presiden ri,Negative,
158,485856546.0,61,3223,2023-03-02,3148,,anies presiden ri,Negative,
159,485856546.0,61,3443,2023-03-01,3148,,anies presiden ri,Negative,
160,485856546.0,61,3445,2023-03-01,3148,,chotimah anies presiden ri,Negative,
161,485856546.0,61,3496,2023-02-28,3148,,chotimah anies presiden ri,Negative,
162,485856546.0,61,3559,2023-02-27,3148,,marm anies presiden ri,Negative,
163,485856546.0,61,3606,2023-02-27,3148,,anies presiden ri,Negative,
164,485856546.0,61,3621,2023-02-26,3148,,anies presiden ri,Negative,
165,485856546.0,61,3717,2023-02-26,3148,,chotimah anies presiden ri,Negative,
166,485856546.0,61,3718,2023-02-26,3148,,id anies presiden ri,Negative,
167,485856546.0,61,4144,2023-02-23,3148,,anies presiden ri,Negative,
168,485856546.0,61,4151,2023-02-23,3148,,anies presiden ri,Negative,
169,485856546.0,61,4244,2023-02-22,3148,,id anies presiden ri,Negative,
170,485856546.0,61,4256,2023-02-22,3148,,waras anies tetap presiden ri,Negative,
171,485856546.0,61,4268,2023-02-21,3148,,lbs sangat percaya anies presiden ri,Negative,
172,485856546.0,61,4269,2023-02-21,3148,,anies presiden ri,Negative,
173,485856546.0,61,4291,2023-02-21,3148,,anies tetap presiden ri,Negative,
174,485856546.0,61,4294,2023-02-21,3148,,anies tetap presiden ri,Negative,
175,485856546.0,61,4295,2023-02-21,3148,,anies presiden,Negative,
176,485856546.0,61,4328,2023-02-21,3148,,chotimah anies presiden ri,Negative,
177,485856546.0,61,4404,2023-02-20,3148,,anies presiden ri,Negative,
178,485856546.0,61,4405,2023-02-20,3148,,kereeennn anies presiden ri,Negative,
179,485856546.0,61,4417,2023-02-20,3148,,anies presiden ri,Negative,
180,485856546.0,61,4420,2023-02-19,3148,,anies presiden ri,Negative,
181,485856546.0,61,4431,2023-02-19,3148,,chotimah anies presiden ri,Negative,
182,485856546.0,61,4432,2023-02-19,3148,,anies presiden ri,Negative,
183,485856546.0,61,4440,2023-02-19,3148,,anies presiden ri,Negative,
184,485856546.0,61,4535,2023-02-18,3148,,anies presiden ri,Negative,
185,485856546.0,61,4536,2023-02-18,3148,,anies presiden ri,Negative,
186,485856546.0,61,4541,2023-02-18,3148,,anies presiden ri,Negative,
187,485856546.0,61,4592,2023-02-18,3148,,chotimah anies presiden ri,Negative,
188,485856546.0,61,4593,2023-02-18,3148,,anies presiden ri,Negative,
189,485856546.0,61,4594,2023-02-18,3148,,idha anies presiden ri,Negative,
190,485856546.0,61,4595,2023-02-18,3148,,anies presiden ri,Negative,
191,485856546.0,61,4757,2023-02-16,3148,,anies presiden ri,Negative,
192,485856546.0,61,4900,2023-02-15,3148,,anies presiden ri,Negative,
193,485856546.0,61,4901,2023-02-15,3148,,anies presiden ri,Negative,
194,485856546.0,61,4903,2023-02-15,3148,,chotimah anies presiden ri,Negative,
195,485856546.0,61,4910,2023-02-15,3148,,chotimah anies presiden ri,Negative,
196,485856546.0,61,4917,2023-02-15,3148,,anies presiden,Negative,
197,485856546.0,61,4939,2023-02-14,3148,,anies presiden,Negative,
198,485856546.0,61,4941,2023-02-14,3148,,anies tetap presiden,Negative,
199,485856546.0,61,1226,2023-03-27,1932,,bagaimanapun juga pak ganjar harus jdi presiden,Negative,
200,485856546.0,61,1975,2023-03-18,51933,Tepian Sungai Batanghari,loh bisa jadi kan  bukan ganjar presiden bisa jadi ganjar pengangguran bisa kan kan,Negative,Tepian Sungai Batanghari
201,485856546.0,61,2784,2023-03-07,303,,silaturahmi majelis sholawat baitus salam kabupaten bangkalan,Negative,
202,485856546.0,61,3079,2023-03-04,1577,,mari rapatkan barisan untuk mengawal ganjar pranowo presiden,Negative,
203,485856546.0,61,3153,2023-03-03,2732,"Bekasi, Jawa Barat",sabar om nanti juga bakal ganti presidenjokowi diganti ganjarmakin stres ga,Negative,Bekasi
204,485856546.0,61,3223,2023-03-02,180512,Indonesia,bukan ganjar apalagi anies abu janda yakin prabowo bakal jadi presiden kalau meleset bakal giveaway rp juta catat nih,Negative,Indonesia
205,485856546.0,61,4144,2023-02-23,893,"DKI Jakarta, Indonesia",pak ganjar bilang indonesia bisa hadapi krisis mau tau ga apa saja faktornya simak ya follow kami di untuk informasi lain dm kami,Negative,DKI Jakarta
206,485856546.0,61,4256,2023-02-22,1885,"Bandar Lampung, Lampung",bismillah yok pak ganjar for presiden pranowo,Negative,Bandar Lampung
207,485856546.0,61,4594,2023-02-18,17507,,nakula doa kami smg pak ganjar terpilih jd presiden menggantikan pak jokowiaaminn ya robal alamin,Negative,
208,3158832157.0,27,239,2023-04-12,1657,,sudah mandul serangan densy ke anies baswedan presiden ri,Negative,
209,3158832157.0,27,2011,2023-03-18,1657,,makin dekat para pecundang sosmed makin panik dan ketakutan anies baswedan presiden ri,Negative,
210,3158832157.0,27,2610,2023-03-10,1657,,mendekati si ruhut tua bangka semakin ketakutan anies baswedan presiden ri,Negative,
211,3158832157.0,27,2681,2023-03-09,1657,,nama anies baswedan terus mengharum dan tetap dihati rakyat indonesia menjadi presiden,Negative,
212,3158832157.0,27,2765,2023-03-07,1657,,pasti gara anies baswedan jadi presiden,Negative,
213,3158832157.0,27,3035,2023-03-05,1657,,pada panik dan ketakutan manusia yang nggak punya identitas anies presiden,Negative,
214,3158832157.0,27,3042,2023-03-04,1657,,menjelang anies baswedan calon presiden ri pilihan rakyat selalu menjadi trending topic,Negative,
215,3158832157.0,27,3195,2023-03-02,1657,,mendekati rakyat indonesia tidak sabar anies baswedan menjadi presiden ri,Negative,
216,3158832157.0,27,4351,2023-02-20,1657,,semakin tak mampu lagi narasi memfitnah anies baswedan calon presiden ri akhirnya narasi keagamaan yg diangkat untuk mengadu domba umat beragama,Negative,
217,3158832157.0,27,4662,2023-02-17,1657,,nggak bisa kebayang buzzerp pada kabur kemana jika anies baswedan presiden ri pilihan rakyat indonesia,Negative,
218,3158832157.0,27,4807,2023-02-15,1657,,si ruhut bajing makin panik dan ketakutan anies baswedan presiden ri,Negative,
219,3158832157.0,27,4922,2023-02-15,1657,,si ruhut dilahirkan untuk menghina memfitnah dan adu domba semakin dihina dan difitnah dukungan rakyat indonesia semakin banyak dan tak terbendung menjadikan anies baswedan presiden ri,Negative,
220,3158832157.0,27,5076,2023-02-13,1657,,semakin dihina dan difitnah dukungan rakyat indinesia semakin tidak terbendung dimana mana daerah mengelukan anies baswedan menjadi presiden ri kalau ruhut si tua bangka sebentar lagi jadi bangke,Negative,
221,3158832157.0,27,5257,2023-02-11,1657,,mendekati si densi swlemakin panik dan ketakutan anies baswedan sudah mantab jadi capres dan dukungan rakyat indonesia semakin banyak untuk menjadi presiden ri,Negative,
222,3158832157.0,27,5286,2023-02-11,1657,,abdulsomad makin dekat buzzerp busuk makin panik dan ketakutan anies baswedan menjadi presiden ri,Negative,
223,3158832157.0,27,5720,2023-02-06,1657,,saking panik dan ketakutan anies baswedan presiden ri pilihan rakyat para buzzerp murahan saling bersahutan membuat narasi seolaholah istana menjegal anies,Negative,
224,3158832157.0,27,5853,2023-02-05,1657,,yang panik dan sangat takut anies baswedan presiden ri hanya buzzerp murahanyg kerjaannya hanya fitnah nebar kebencian dan mengadu domba rakyat indonesia,Negative,
225,3158832157.0,27,5955,2023-02-04,1657,,termasuk buzzerp recehan dan murahan semakin panik dan ketakutan anies presiden ri,Negative,
226,3158832157.0,27,6079,2023-02-03,1657,,buzzerp makin panik dan ketakutan anies baswedan presiden buzzerp recehan dilelangdiobral murah,Negative,
227,3158832157.0,27,6366,2023-02-01,1657,,panik atau panik pastilah panik dan ketakutan krn dukungan rakyat indonesia kepada anies baswedan menjadi presiden ri semakin luar biasa,Negative,
228,3158832157.0,27,6411,2023-01-31,1657,,menejelang buzzerp recehan makin panik dan ketakutan anies baswedan presiden ri pilihan rakyat indonesia,Negative,
229,3158832157.0,27,6552,2023-01-31,1657,,semakin dekat buzzerp makin panik dan ketakutan semakin banyak rakyat indonesia mendukung anies baswedan presiden ri buzzerp recehan siap dilelang murah,Negative,
230,3158832157.0,27,7047,2023-01-26,1657,,makin tua makin ketakutan anies baswedan menjadi presiden ri pilihan rakyat,Negative,
231,3158832157.0,27,7168,2023-01-25,1657,,anies baswedn presiden ri seluruh buzzerp recehan dilelang murah,Negative,
232,3158832157.0,27,7169,2023-01-25,1657,,anies presiden semua buzzerp dilelang,Negative,
233,3158832157.0,27,7554,2023-01-23,1657,,buzzerp wanipiro makin panik dan ketakutan menjelang rakyat indonesia bersama anies baswedan presiden ri,Negative,
234,3158832157.0,27,2681,2023-03-09,17007,,pengamat politik dari lingkar madani indonesia ray rangkuti berpandangan kandidat duet calon presidencalon wakil presiden ganjar pranowo dan erick thohir paling berpotensi menghimpun suara dari masyarakat pada pemilu,Negative,
235,46693036.0,23,3257,2023-03-02,46804,,publik masih menanti kira kira siapa sosok yang akan menjadi calon wakil presiden cawapres pendamping anies baswedan pada pilpres nanti sejauh ini muncul beberapa nama seperti agus harimurti yudhoyono ahy ahmad heryawan aher dan khofifah,Negative,
236,46693036.0,23,6116,2023-02-02,46805,,go anies forum kabah membangun fkm dan amanat nasional anies resmi membentuk koalisi tiga organ relawan anies baswedan untuk presiden ketiganya melaunching kuning ijo biru kib sebagai simbol mempersatukan dukungan terhadap anies,Negative,
237,46693036.0,23,6170,2023-02-02,46805,,go anies forum kabah membangun fkm dan amanat nasional anies resmi membentuk koalisi tiga organ relawan anies baswedan untuk presiden,Negative,
238,46693036.0,23,6291,2023-02-01,46805,,go anies forum kabah membangun fkm dan amanat nasional anies resmi membentuk koalisi tiga organ relawan anies baswedan untuk presiden ketiganya melaunching kuning ijo biru kib sebagai simbol mempersatukan dukungan terhadap anies,Negative,
239,46693036.0,23,6843,2023-01-28,46805,,gubernur jawa tengah jateng ganjar pranowo bertemu secara langsung dengan bakal calon presiden capres anies baswedan bahkan keduanya duduk dalam satu meja dalam pertemuan tersebut momen langka tersebut terjadi pada acara pernikahan komika,Negative,
240,46693036.0,23,3281,2023-03-16,46802,,provinsi sumatera utara sumut berpotensi jadi kantong suara bagi ketua umum prabowo subianto dalam kontestasi pemilihan presiden pilpres hal itu dapat dilihat dari hasil musyawarah rakyat musra ke relawan jokowi hasil dari forum yang,Negative,
241,46693036.0,23,1076,2023-03-29,4975,,semoga sty mundur dari kursi kepelatihan timnas indonesia indonesia di banned se lama lama nya ganjar jadi presiden indonesia di tidak ada sepakbola lagi mulai tahun sampai kiamat,Negative,
242,46693036.0,23,1607,2023-03-22,996,,kalau udah jadi presiden ri pengangguran auto lenyap nih kiky daddies ultramilk suka duka uni unaa jeno sangcok cimory fajri raffi unaa evos lavani,Negative,
243,46693036.0,23,1747,2023-03-20,303,,silaturrahmi majelis taklim miftahul jannah kenjeran kota surabaya,Negative,
244,46693036.0,23,1827,2023-03-19,58613,"Gambir, Indonesia", kita tunggu jika ganjar pranowo menjadi presiden apa komentar si bebeng,Negative,Gambir
245,46693036.0,23,2876,2023-03-06,59,"Kota Kupang, NTT",haryati pranowo,Negative,Kota Kupang
246,46693036.0,23,3119,2023-03-03,180,"Sumatera Utara, Indonesia",hi bestie yukk ramaikan kegiatan srikandi ganjar sumut berkolaborasi dengan stifin yang akan dilaksanakan pada jumat februari wibselesai uncle sams cafe,Negative,Sumatera Utara
247,46693036.0,23,3257,2023-03-02,145,,siap pak ayo kita samasama memperjuangkan pak ganjar jadi presiden ditahun nanti,Negative,
248,46693036.0,23,4715,2023-02-16,1885,"Bandar Lampung, Lampung",bismillah yok pak ganjar for presiden pranowo,Negative,Bandar Lampung
249,46693036.0,23,4820,2023-02-15,2693,"Nusa Tenggara Barat, Indonesia",pak ganjar harus jadi presiden pranowo,Negative,Nusa Tenggara Barat
250,46693036.0,23,5458,2023-02-09,273,,kegiatan sparing basket bersama milenial kabupaten soppeng,Negative,
251,46693036.0,23,6170,2023-02-02,107916,Indonesia,pdip tak akan berani untuk tidak mencalonkan atau mengusung gubernur jawa tengah ganjar pranowo sebagai calon presiden di pilpres mendatang,Negative,Indonesia
252,46693036.0,23,6249,2023-02-01,366,,pak ganjar pranowo presiden,Negative,
253,46693036.0,23,6461,2023-01-31,232,,pak ganjar pilihan kami presiden ri mak ganjar selalu dihati,Negative,
254,46693036.0,23,6559,2023-01-31,1060651,"Jakarta Pusat, DKI Jakarta",kowarteg bersama pedagang bubur ayam sejaktim deklarasi dukung ganjar presiden,Negative,Jakarta Pusat
255,46693036.0,23,6649,2023-01-30,74,"Bengkulu, Indonesia",ini lah alasan kenapa ganjar pranowo sangat pantas maju jadi presiden pranowo,Negative,Bengkulu
256,46693036.0,23,7243,2023-01-25,45,,tetep bapak ganjar presiden ku,Negative,
257,46693036.0,23,7365,2023-01-24,232,,pak ganjar pranowo presiden pilihan kami,Negative,
258,465280582.0,22,282,2023-04-12,13680,jakarta,simak bukan ganjar anies ataupun prabowo ahli tarot ramal presiden itu keturunan jawa dan suka pakai topi poskota,Negative,jakarta
259,465280582.0,22,1496,2023-04-05,13673,jakarta,politikus pdip presiden jokowi bukan king maker agar prabowo jadi capres di pilpres kompas tv,Negative,jakarta
260,465280582.0,22,1723,2023-04-03,13673,jakarta,presiden jokowi bahas elektabilitas prabowo subianto di depan kib berpeluang koalisi besar di,Negative,jakarta
261,465280582.0,22,1794,2023-04-01,13673,jakarta,yakin prabowo bakal jadi presiden di abu janda bagibagi duit rp juta kalau prediksinya meleset denny siregar deal ya suarametro,Negative,jakarta
262,465280582.0,22,1856,2023-04-01,13673,jakarta,jalan santai puluhan ribu masyarakat musi banyuasin serukan prabowo subianto presiden sindonews nasional,Negative,jakarta
263,465280582.0,22,2591,2023-03-26,13673,jakarta,pengamat sebut presiden jokowi takkan dukung prabowo subianto sebagai capres,Negative,jakarta
264,465280582.0,22,3206,2023-03-18,13674,jakarta,kalau sejak awal prabowo tetap oposisi bisa jadi presiden di koran pelita,Negative,jakarta
265,465280582.0,22,3407,2023-03-15,13674,jakarta,silaturahmi dengan emakemak aan sosialisasikan prabowo presiden makassar terkini,Negative,jakarta
266,465280582.0,22,3564,2023-03-13,13674,jakarta,prabowo mania respons soal wacana duet ganjarprabowo kami masih yakin prabowo presiden,Negative,jakarta
267,465280582.0,22,3871,2023-03-10,13674,jakarta,prabowo subianto kembali calonkan diri sebagai presiden di pramborsfm,Negative,jakarta
268,465280582.0,22,4264,2023-03-07,13674,jakarta,kelompok umkm bumi majapahit deklarasi prabowo presiden antara jawa timur,Negative,jakarta
269,465280582.0,22,4351,2023-03-06,13674,jakarta,relawan bung ramson pantura konsolidasi untuk pemenangan prabowo subianto subianto sebagai presiden kompas tv,Negative,jakarta
270,465280582.0,22,4589,2023-03-02,13674,jakarta,prabowo subianto subianto harga mati presiden ri jagat papua,Negative,jakarta
271,465280582.0,22,4590,2023-03-02,13674,jakarta,prabowo subianto harga mati presiden ri jagat papua,Negative,jakarta
272,465280582.0,22,4694,2023-03-01,13674,jakarta,update hasil survei elektabilitas prabowo subianto subianto pemilihan presiden hari ini,Negative,jakarta
273,465280582.0,22,6040,2023-02-07,13675,jakarta,sekjen gerindra minta pasang bendera prabowo subianto sebagai presiden di seluruh kampungkampung tempat tinggal kader,Negative,jakarta
274,465280582.0,22,6663,2023-02-02,13675,jakarta,update hasil survei prabowo subianto subianto pemilihan presiden hari ini,Negative,jakarta
275,465280582.0,22,6674,2023-02-02,13675,jakarta,gerindra pastikan prabowo subianto lanjutkan proyek ikn bila jadi presiden di,Negative,jakarta
276,465280582.0,22,6680,2023-02-02,13675,jakarta,gerindra pastikan prabowo subianto akan lanjut proyek ikn jika terpilih presiden detiknews,Negative,jakarta
277,465280582.0,22,7229,2023-01-25,13675,jakarta,ganjar prabowo subianto dan anis masih mendominasi hasil survei calon presiden di smrc internasional kontan,Negative,jakarta
278,465280582.0,22,7514,2023-01-22,13675,jakarta,kunjungi ulama di jatim prabowo subianto dapat doa mulus menjadi presiden rmol,Negative,jakarta
279,465280582.0,22,8788,2023-01-11,13675,jakarta,maka dari itu negara kita butuh prabowo subianto untuk menjadi presiden indonesia di nanti kerja prabowo subianto,Negative,jakarta
280,465458275.0,18,7051,2023-01-26,12086,Pulau Impian,prabowo subianto simak bukan ganjar anies ataupun prabowo subianto ahli tarot ramal presiden itu keturunan jawa dan suka pakai topi poskota,Negative,Pulau Impian
281,465458275.0,18,4260,2023-03-07,12086,Pulau Impian,kelompok umkm bumi majapahit deklarasi prabowo subianto presiden antara jawa timur,Negative,Pulau Impian
282,465458275.0,18,4467,2023-03-04,12086,Pulau Impian,peringati hut partai gerindra ke prabowo subianto subianto didoakan menjadi presiden sekilas media,Negative,Pulau Impian
283,465458275.0,18,4630,2023-03-02,12086,Pulau Impian,peringati hut partai gerindra ke prabowo subianto subianto didoakan menjadi presiden sekilas media,Negative,Pulau Impian
284,465458275.0,18,4681,2023-03-01,12086,Pulau Impian,video hadiri forum hipmi prabowo subianto di sapa calon presiden,Negative,Pulau Impian
285,465458275.0,18,4703,2023-03-01,12086,Pulau Impian,peringati hut partai gerindra ke prabowo subianto subianto didoakan menjadi presiden sekilas media,Negative,Pulau Impian
286,465458275.0,18,6041,2023-02-07,12086,Pulau Impian,prabowo subianto sekjen gerindra minta pasang bendera prabowo subianto sebagai presiden di seluruh kampungkampung tempat tinggal kader,Negative,Pulau Impian
287,465458275.0,18,6615,2023-02-02,12086,Pulau Impian,prabowo subianto gerindra pastikan prabowo subianto akan lanjutkan kerja jokowi jika jadi presiden tujuannya hanya satu tribun gorontalo,Negative,Pulau Impian
288,465458275.0,18,6633,2023-02-02,12086,Pulau Impian,prabowo subianto gelar konsolidasi daerah gerindra kalsel gaungkan prabowo subianto the next presiden jejakrekam,Negative,Pulau Impian
289,465458275.0,18,6656,2023-02-02,12086,Pulau Impian,prabowo subianto update hasil survei elektabilitas prabowo subianto subianto pemilihan presiden hari ini,Negative,Pulau Impian
290,465458275.0,18,6675,2023-02-02,12086,Pulau Impian,prabowo subianto gerindra pastikan prabowo subianto lanjutkan proyek ikn bila jadi presiden di,Negative,Pulau Impian
291,465458275.0,18,6681,2023-02-02,12086,Pulau Impian,prabowo subianto gerindra pastikan prabowo subianto akan lanjut proyek ikn jika terpilih presiden detiknews,Negative,Pulau Impian
292,465458275.0,18,7032,2023-01-29,12086,Pulau Impian,prabowo subianto prabowo subianto posting foto bersama adipati mangkunegara  netizen presiden tribun gorontalo,Negative,Pulau Impian
293,465458275.0,18,7073,2023-01-27,12086,Pulau Impian,permadi arya sebut prabowo subianto subianto akan menjadi presiden ketua gerindra kudus angkat suara samin news,Negative,Pulau Impian
294,465458275.0,18,7209,2023-01-26,12086,Pulau Impian,prabowo subianto simak bukan ganjar anies ataupun prabowo subianto ahli tarot ramal presiden itu keturunan jawa dan suka pakai topi poskota,Negative,Pulau Impian
295,465458275.0,18,7252,2023-01-25,12086,Pulau Impian,prabowo subianto bendera prabowo subianto presiden mejeng jelang kunjungan menhan ke medan detiksumut,Negative,Pulau Impian
296,465458275.0,18,7513,2023-01-22,12086,Pulau Impian,kunjungi ulama di jatim prabowo subianto dapat doa mulus menjadi presiden rmol,Negative,Pulau Impian
297,465458275.0,18,7541,2023-01-21,12086,Pulau Impian,andre rosiade prabowo tokoh pemersatu bangsa cocok jadi presiden padang express,Negative,Pulau Impian
298,634227637.0,18,5,2023-04-16,5297,"Jawa Barat, Indonesia",kader pdip jadi presiden yang mana menterinya impor pangan,Negative,Jawa Barat
299,634227637.0,18,10,2023-04-16,5297,"Jawa Barat, Indonesia",kpk bergerak keadilan bagi seluruh rakyat indonesia,Negative,Jawa Barat
300,634227637.0,18,12,2023-04-16,5297,"Jawa Barat, Indonesia",bisa jadi gubernur karena ada partai yang mendukungnya,Negative,Jawa Barat
301,634227637.0,18,13,2023-04-16,5297,"Jawa Barat, Indonesia",pikirin kenapa bisa kalah,Negative,Jawa Barat
302,634227637.0,18,14,2023-04-16,5297,"Jawa Barat, Indonesia",pejabat itu dari partai politik lu kritik partainya,Negative,Jawa Barat
303,634227637.0,18,74,2023-04-15,5297,"Jawa Barat, Indonesia",kereta cepat cepat cepat,Negative,Jawa Barat
304,634227637.0,18,78,2023-04-15,5297,"Jawa Barat, Indonesia",lu jadiin masjid dan takjil sebagai materi cerita bohong,Negative,Jawa Barat
305,634227637.0,18,183,2023-04-13,5297,"Jawa Barat, Indonesia",koruptor menyebar,Negative,Jawa Barat
306,634227637.0,18,306,2023-04-11,5297,"Jawa Barat, Indonesia",lapor beli token listrik prabayar di pln mobile rincian sbb listrik pln denom rp biaya layanan rp metode pembayaran melalui va total bayar rp kwh yang didapat jadi harga kwh rpkwh,Negative,Jawa Barat
307,634227637.0,18,599,2023-04-08,5297,"Jawa Barat, Indonesia",klaim miliaran tapi tak ada pasien ini kejahatan bidang kesehatan,Negative,Jawa Barat
308,634227637.0,18,631,2023-04-08,5297,"Jawa Barat, Indonesia",banyak kios yang dikontrakkan banyak pedagang tanpa sewa kios apakah ekonomi ri baik saja,Negative,Jawa Barat
309,634227637.0,18,718,2023-04-07,5297,"Jawa Barat, Indonesia",pak prabowo itu tak akan mau melindungi orang yang melanggar hukum,Negative,Jawa Barat
310,634227637.0,18,732,2023-04-06,5297,"Jawa Barat, Indonesia",titik nol nusantara itu di ujung pulau aceh dan papua,Negative,Jawa Barat
311,634227637.0,18,5876,2023-02-05,5297,"Jawa Barat, Indonesia",golkar harus pikirkan perekambangan bangsa ini bukan kelompok sendiri monitoring dan audit program presiden ri saat ini hasil audit tentukan sikap partai,Negative,Jawa Barat
312,634227637.0,18,20,2023-04-16,5297,"Jawa Barat, Indonesia",anies prabowo,Negative,Jawa Barat
313,634227637.0,18,1143,2023-04-07,5297,"Jawa Barat, Indonesia",pak prabowo itu tak akan mau melindungi orang yang melanggar hukum,Negative,Jawa Barat
314,634227637.0,18,718,2023-04-07,303,,silaturrahmi jamaah tahlil musholla daarun naim kabupaten tubanserta berikan bantuan alat kebersihan dan kipas angin,Negative,
315,634227637.0,18,3982,2023-02-23,12529,Indonesia,ganjar dapat targer dari presiden turunkan angka kemiskinan ekstrim di,Negative,Indonesia
316,215989357.0,17,2569,2023-03-26,7454,,prabowo subianto harga mati presiden ri jagat papua,Negative,
317,215989357.0,17,2924,2023-03-22,7454,,militansi gerindra pilpres jika terpilih jadi presiden ini yang dilakukan prabowo untuk bali tribun bali,Negative,
318,215989357.0,17,4125,2023-03-07,7454,,ahmad muzani ungkap tujuan gerindra jadikan prabowo subianto sebagai presiden pada pilpres tribun gayo,Negative,
319,215989357.0,17,4444,2023-03-04,7454,,kunjungi ulama di jawa timur prabowo didoakan jadi presiden,Negative,
320,215989357.0,17,6546,2023-02-02,7454,,jokowi prediksi prabowo akan jadi presiden gerindra wis wayahe nasional,Negative,
321,215989357.0,17,7764,2023-01-20,7454,,catatan kedua pak jkw lagilagi buat para bacalon presiden di gigit jari ketika belio hadir dalam acara hut ke perindo pd november silam prabowo subianto,Negative,
322,215989357.0,17,7837,2023-01-19,7454,,prabowo subianto maju jadi presiden ri setelahnya gp melanjutkan cocok kan,Negative,
323,215989357.0,17,8092,2023-01-18,7454,,ngeriiiiii jadi ini barang prabowo subianto presiden ri,Negative,
324,215989357.0,17,8432,2023-01-16,7454,,tondotondo prabowo subianto jadi presiden di ini mah,Negative,
325,215989357.0,17,8433,2023-01-16,7454,,presiden ri dan calon presiden ri di prabowo subianto,Negative,
326,215989357.0,17,8434,2023-01-16,7454,,aamiin prabowo subianto presiden ri dan bawa perubahan utk negeri,Negative,
327,215989357.0,17,8444,2023-01-16,7454,,wis wayahe prabowo subianto presiden ri,Negative,
328,215989357.0,17,8485,2023-01-16,7454,,mungkin ini wejangan dari cak nun utk prabowo subianto kalo kiranya nanti di prabowo jadi presiden ri,Negative,
329,215989357.0,17,8696,2023-01-12,7454,,anwar ibrahim jadi pm malaysia ketika sudah tua prabowo subianto menjadi presiden ri di,Negative,
330,215989357.0,17,8786,2023-01-11,7454,,wis wayahe prabowo subianto presiden ri,Negative,
331,215989357.0,17,9426,2022-12-31,7454,,ojo lali yo wis wayahe pak prabowo presiden,Negative,
332,215989357.0,17,9921,2022-12-12,7454,,wajahwajah pemimpin masa depan bangsa di tengahnya ada pak prabowo yg pada nanti akan pimpin bangsa ini menjadi presiden ri,Negative,
333,3306055003.0,17,120,2023-04-14,13730,San Andreas,dan anies baswedan dalam survei mengenai kandidat calon presiden untuk pemilu di indonesia prabowo subianto,Negative,San Andreas
334,3306055003.0,17,121,2023-04-14,13730,San Andreas,survei terbaru mengenai bursa calon presiden untuk pemilu yang dilakukan indonesia survey center isc menemukan bahwa prabowo subianto unggul dari ganjar pranowo dan anies baswedan prabowo subianto,Negative,San Andreas
335,3306055003.0,17,249,2023-04-12,13730,San Andreas,peneliti senior indonesia survey center isc chairul ansari mengungkapkan empat alasan prabowo subianto lebih unggul dari ganjar pranowo dan anies baswedan dalam survei bursa calon presiden untuk pemilu mendatang prabowo subianto,Negative,San Andreas
336,3306055003.0,17,6142,2023-02-02,13730,San Andreas,andre memastikan gerindra tidak mempermasalahkan jika anies mencalonkan diri sebagai calon presiden di pilpres mendatang,Negative,San Andreas
337,3306055003.0,17,1306,2023-04-06,13730,San Andreas,andre rosiade prabowo tokoh pemersatu bangsa cocok jadi presiden prabowo subianto,Negative,San Andreas
338,3306055003.0,17,1307,2023-04-06,13730,San Andreas,acara deklarasi prabowo presiden itu diinisiasi oleh dewan pimpinan pusat jokowi mania nusantara dpp joman yang dipimpin oleh immanuel ebenezer prabowo subianto,Negative,San Andreas
339,3306055003.0,17,1308,2023-04-06,13730,San Andreas,ribuan orang dari berbagai daerah itu datang dengan tujuan untuk mendeklarasikan prabowo subianto sebagai presiden indonesia prabowo subianto,Negative,San Andreas
340,3306055003.0,17,1309,2023-04-06,13730,San Andreas,bapak letnan jenderal purnawirawan  prabowo subianto sebagai presiden republik indonesia ujar perwakilan pengurus prabowo mania membacakan deklarasi prabowo subianto,Negative,San Andreas
341,3306055003.0,17,1310,2023-04-06,13730,San Andreas,hal ini ditandai dengan digelarnya deklarasi prabowo presiden di gedung joeang menteng raya jakarta pusat minggu prabowo subianto,Negative,San Andreas
342,3306055003.0,17,1923,2023-03-31,13730,San Andreas,dan pengangguran mengunggulkan menteri pertahanan ri prabowo subianto sebagai calon presiden capres di pemilu,Negative,San Andreas
343,3306055003.0,17,3663,2023-03-13,13730,San Andreas,tetaplah pada tujuan akhir kita sesuai dengan amanat rapimnas yaitu prabowo presiden imbuhnya prabowo subianto,Negative,San Andreas
344,3306055003.0,17,3664,2023-03-13,13730,San Andreas,dia menegaskan posisi prabowo berdasarkan keputusan partai ialah sebagai calon presiden prabowo subianto,Negative,San Andreas
345,3306055003.0,17,4098,2023-03-08,13730,San Andreas,kendati demikian koalisi ini belum menetapkan bakal calon presiden yang akan diusung pada pemilu prabowo subianto,Negative,San Andreas
346,3306055003.0,17,4284,2023-03-06,13730,San Andreas,kendati demikian koalisi ini belum menetapkan bakal calon presiden yang akan diusung pada pemilu prabowo subianto,Negative,San Andreas
347,3306055003.0,17,6552,2023-02-02,13730,San Andreas,dari suara para ketua pedagang pasar dan umkm mayoritas memilih prabowo subianto sebagai calon presiden,Negative,San Andreas
348,3306055003.0,17,6597,2023-02-02,13730,San Andreas,gerindra pastikan prabowo akan lanjut proyek ikn jika terpilih presiden,Negative,San Andreas
349,3306055003.0,17,249,2023-04-12,123279,,psi merapat ke koalisi besar bersama golkar ppp gerindra pkb dan pan wakil ketua dewan pembina psi grace natalie mengatakan psi akan mengusulkan ganjar pranowo untuk dicalonkan sebagai calon presiden lewat koalisi besar pada pemilu sesuai hasil rembuk rakyat,Negative,
