,created_at,id_str,full_text,quote_count,reply_count,retweet_count,favorite_count,lang,user_id_str,conversation_id_str,username,tweet_url,no_tag
0,Sat Dec 30 23:54:05 +0000 2023,1741246310676856930,"GMSP, Saudara Se Iman &amp  Saudara Se Indonesia.. Hampir 87% WNI adalah Islam walau terbagi dlm bbrp Ormas Islam. Dan utk 2024 ini, Mari Kita semua Umat Islam &amp  semua elemen Rakyat yg cinta Perubahan Bersatu utk Menangkan Anies &amp  Muhaimin menjadi Presiden dan Wakil Presiden RI...",0,5,21,71,in,1637692626215501824,1741246310676856930,carlitovito180,https://twitter.com/carlitovito180/status/1741246310676856930,"GMSP, Saudara Se Iman &amp Saudara Se Indonesia.. Hampir 87% WNI adalah Islam walau terbagi dlm bbrp Ormas Islam. Dan utk 2024 ini, Mari Kita semua Umat Islam &amp semua elemen Rakyat yg cinta Perubahan Bersatu utk Menangkan Anies &amp Muhaimin menjadi Presiden dan Wakil Presiden RI..."
1,Sat Dec 30 23:37:45 +0000 2023,1741242199361433989,@aniesbaswedan Semoga Anies Baswedan dan Cak Imin ( AMIN) di Ridhoi Allah SWT  menjadi Presiden Republik Indonesia masa bakti 2024-2029. Dan semoga kemenangan AMIN  dalam satu puteran ...Aamiin ya Rabbal Alamin,0,0,0,0,in,1566122619711004672,1740313328256430400,wawo_rizal,https://twitter.com/wawo_rizal/status/1741242199361433989,Semoga Anies Baswedan dan Cak Imin ( AMIN) di Ridhoi Allah SWT menjadi Presiden Republik Indonesia masa bakti 2024-2029. Dan semoga kemenangan AMIN dalam satu puteran ...Aamiin ya Rabbal Alamin
2,Sat Dec 30 22:34:00 +0000 2023,1741226156064657683,"@ZulkifliLubis69 Mana ada pemimpin yg seperti ini, hanya pak Anies pejabat negara yg mau menemui para pendemo dan menenangkan mereka. Inilah ciri seorang pemimpin yg merakyat dan peduli dengan rakyatnya... barakallohu pak Anies saya mendukung anda menjadi presiden Indonesia 2024....",0,0,0,3,in,1346668215825403904,1741081384767353277,Cakra95258571,https://twitter.com/Cakra95258571/status/1741226156064657683,"Mana ada pemimpin yg seperti ini, hanya pak Anies pejabat negara yg mau menemui para pendemo dan menenangkan mereka. Inilah ciri seorang pemimpin yg merakyat dan peduli dengan rakyatnya... barakallohu pak Anies saya mendukung anda menjadi presiden Indonesia 2024...."
3,Sat Dec 30 22:00:44 +0000 2023,1741217783789314164,@PahetKopi28207 @PartaiSocmed Presiden 2024 didunia maya anies baswedan dan presiden didunia nyata adalah prabowo,0,2,0,0,in,1117903503949615104,1740991082262118623,Indonesia_24,https://twitter.com/Indonesia_24/status/1741217783789314164,Presiden 2024 didunia maya anies baswedan dan presiden didunia nyata adalah prabowo
4,Sat Dec 30 21:34:00 +0000 2023,1741211054443806769,"@kba_news Bismillahirrahmanirrahim, Anies Baswedan Presiden Republik Indonesia tahun 2024. AamiinğŸ¤²",0,0,0,0,in,1703221348498300928,1740964131593740614,AmmaKye,https://twitter.com/AmmaKye/status/1741211054443806769,"Bismillahirrahmanirrahim, Anies Baswedan Presiden Republik Indonesia tahun 2024. AamiinğŸ¤²"
5,Sat Dec 30 20:44:24 +0000 2023,1741198573512069201,"@herculep638 Maa syaa Allah...pemimpin seperti Pak Anies inilah yg dibutuhkan rakyat Indonesia, mengayomi semua lapisan masyarakat, Ya Allah jadikanlah beliau sebagai Presiden Indonesia thn 2024, Aamiin ğŸ¤²",0,0,0,1,in,1525604923315871745,1740930135296274887,sedaaaaapp,https://twitter.com/sedaaaaapp/status/1741198573512069201,"Maa syaa Allah...pemimpin seperti Pak Anies inilah yg dibutuhkan rakyat Indonesia, mengayomi semua lapisan masyarakat, Ya Allah jadikanlah beliau sebagai Presiden Indonesia thn 2024, Aamiin ğŸ¤²"
6,Sat Dec 30 19:29:46 +0000 2023,1741179790005240004,@xquitavee Saya selalu memastikan kalau pilihan saya akan tetap ke Ganjar sebagai presiden republik Indonesia tahun 2024 Masehi.. bukan Prabowo bukan anies,0,0,0,1,in,1430914246804574210,1741060044194718179,RohydzV,https://twitter.com/RohydzV/status/1741179790005240004,Saya selalu memastikan kalau pilihan saya akan tetap ke Ganjar sebagai presiden republik Indonesia tahun 2024 Masehi.. bukan Prabowo bukan anies
7,Sat Dec 30 17:44:35 +0000 2023,1741153322873377224,"#AniesTakTerbendung Allah SWT telah pilihkan Anies Baswedan menjadi Presiden RI thn 2024, tinggal rakyat Indonesia mau pilih atau tidak.   Ingat Allah SWT tdk akan mengubah nasib suatu kaum jika kaum tsb tdk mau mengubah nasibnya menjadi baik.""""",0,0,0,0,in,377832081,1741153322873377224,andi7044,https://twitter.com/andi7044/status/1741153322873377224,"#AniesTakTerbendung Allah SWT telah pilihkan Anies Baswedan menjadi Presiden RI thn 2024, tinggal rakyat Indonesia mau pilih atau tidak. Ingat Allah SWT tdk akan mengubah nasib suatu kaum jika kaum tsb tdk mau mengubah nasibnya menjadi baik."""""
8,Sat Dec 30 14:33:30 +0000 2023,1741105234909528131,@ferizandra Semoga pak Anies Baswedan menjadi presiden RI pada tahun 2024 dan menjadi motor perubahan bangsa Indonesia menjadi lebih baik lagi,0,1,1,18,in,1491212351324180481,1740887202073399620,DeniNugraha411,https://twitter.com/DeniNugraha411/status/1741105234909528131,Semoga pak Anies Baswedan menjadi presiden RI pada tahun 2024 dan menjadi motor perubahan bangsa Indonesia menjadi lebih baik lagi
9,Sat Dec 30 14:32:02 +0000 2023,1741104864636322280,@NdrewsTjan Maju terus pak Anies semoga 2024 jadi presiden membawa Indonesia Maju Adil dan makmur. Semoga kita tetap waras,0,0,0,0,in,1605562931869265922,1741027623776723345,dydosy,https://twitter.com/dydosy/status/1741104864636322280,Maju terus pak Anies semoga 2024 jadi presiden membawa Indonesia Maju Adil dan makmur. Semoga kita tetap waras
10,Sat Dec 30 13:24:19 +0000 2023,1741087822596206859,"@aniesbaswedan @cakimiNOW Bismillah pak anies menuju kesejahteraan rakyat ! Saya berharap pak anies jadi presiden indonesia 2024 . Saya hanya yakin pak anis jujur amanah , dan saya mendukung orang baik ! Mudah2qn allah mengizin kan aamin ya rabb",0,0,1,8,in,1730239808738361345,1741082455225078247,rizamuhama62571,https://twitter.com/rizamuhama62571/status/1741087822596206859,"Bismillah pak anies menuju kesejahteraan rakyat ! Saya berharap pak anies jadi presiden indonesia 2024 . Saya hanya yakin pak anis jujur amanah , dan saya mendukung orang baik ! Mudah2qn allah mengizin kan aamin ya rabb"
11,Sat Dec 30 12:11:51 +0000 2023,1741069587515601060,"@tvOneNews Keren deh pokoknya kalo pasangan Anies Dan Cak Imin jadi presiden,2024 Indonesia pasti akan majuuuuğŸ’ªğŸ¤—",0,0,0,0,in,1692120211263221760,1740297121902072095,pitriputri43,https://twitter.com/pitriputri43/status/1741069587515601060,"Keren deh pokoknya kalo pasangan Anies Dan Cak Imin jadi presiden,2024 Indonesia pasti akan majuuuuğŸ’ªğŸ¤—"
12,Sat Dec 30 11:52:33 +0000 2023,1741064727420457259,"@CherylTanzil Kata rakyat Indonesia, yang terpenting Presiden 2024 - 2029 Bpk Anies.",0,0,0,0,in,1710148226,1740581608963588539,adypiliang,https://twitter.com/adypiliang/status/1741064727420457259,"Kata rakyat Indonesia, yang terpenting Presiden 2024 - 2029 Bpk Anies."
13,Sat Dec 30 11:36:28 +0000 2023,1741060681729028160,SETUJU  ! ğŸ‘ğŸ» 100 %  RAKYAT  YANG  BERHAK  MENENTUKAN  SIAPA  PRESIDEN  NYA .  TERNYATA  RAKYAT  MAU  NYA ğŸ‘‰ğŸ¾BPK  ANIES   BASWEDAN ğŸ’  INSYA  ALLAH  JADI  PRESIDEN  INDONESIAğŸ‡®ğŸ‡©   KE 8  ğŸ‘ˆğŸ» ğŸ‘‰ğŸ¾ TH  2024  BPK  ANIES  BASWEDAN ! ğŸ‘ğŸ»,0,0,0,1,in,991825978954403841,1741060681729028160,MARIA36819304,https://twitter.com/MARIA36819304/status/1741060681729028160,SETUJU ! ğŸ‘ğŸ» 100 % RAKYAT YANG BERHAK MENENTUKAN SIAPA PRESIDEN NYA . TERNYATA RAKYAT MAU NYA ğŸ‘‰ğŸ¾BPK ANIES BASWEDAN ğŸ’ INSYA ALLAH JADI PRESIDEN INDONESIAğŸ‡®ğŸ‡© KE 8 ğŸ‘ˆğŸ» ğŸ‘‰ğŸ¾ TH 2024 BPK ANIES BASWEDAN ! ğŸ‘ğŸ»
14,Sat Dec 30 10:59:05 +0000 2023,1741051271996727543,"@Bangzuber @stacitarpeta18 @070Wid @AfifRajo @Azri_Ardhani @Bagindo_Radjo @choymarkochoy @Malika6027 @MIrvanDarwin1 Di sini kita gank ngobrol santai tapi serius, dan ngomong serius tapi santai.. Kita d sini gak perduli surepay2, kita hanya punya target ANIES jadi presiden di 2024. Sehingga Indonesia adil dan makmur..",0,1,0,2,in,1710581142733352960,1741036491869176127,sadriwalfarouq,https://twitter.com/sadriwalfarouq/status/1741051271996727543,"Di sini kita gank ngobrol santai tapi serius, dan ngomong serius tapi santai.. Kita d sini gak perduli surepay2, kita hanya punya target ANIES jadi presiden di 2024. Sehingga Indonesia adil dan makmur.."
15,Sat Dec 30 10:53:02 +0000 2023,1741049753318916270,@papa_loren Tetap kalem dan tetap mau mendengarkan keluh kesah rakyat... Walaupun sebagian (kecil) berusaha provokasi...  Pak Anies memang yang paling siap jadi presiden Indonesia 2024. #AMINkanIndonesia,0,0,0,0,in,307955503,1740856883773329444,bm_ismail,https://twitter.com/bm_ismail/status/1741049753318916270,Tetap kalem dan tetap mau mendengarkan keluh kesah rakyat... Walaupun sebagian (kecil) berusaha provokasi... Pak Anies memang yang paling siap jadi presiden Indonesia 2024. #AMINkanIndonesia
16,Sat Dec 30 10:44:23 +0000 2023,1741047574684139884,"@BjodohComeback @soeyoto1 @Fahrihamzah @aniesbaswedan Orang baik kumpul dg orang baik begitu pula sebaliknya, semoga pak Anies menjadi presiden Indonesia tahun 2024. Aamiin",0,0,0,2,in,1335381823862448128,1740742627857985947,andykum4,https://twitter.com/andykum4/status/1741047574684139884,"Orang baik kumpul dg orang baik begitu pula sebaliknya, semoga pak Anies menjadi presiden Indonesia tahun 2024. Aamiin"
17,Sat Dec 30 09:54:35 +0000 2023,1741035043676655739,@Ilustrator23 @VIVAcoid Setelah pemilu satukan indonesia untuk menyongsong yg lebih baik besama presiden dan wakil presiden 2024 anies baswedan dan muhaimin iskandar  aminâ˜ï¸,0,2,0,1,in,1709447052726263808,1740680335543984626,ociem_86,https://twitter.com/ociem_86/status/1741035043676655739,Setelah pemilu satukan indonesia untuk menyongsong yg lebih baik besama presiden dan wakil presiden 2024 anies baswedan dan muhaimin iskandar aminâ˜ï¸
18,Sat Dec 30 07:42:50 +0000 2023,1741001885396729903,@Hudakeyy @aniesbaswedan Terharu melihat videonya.. Bgm seorang pemimpin yg humanis kpd semua kalangan.. Semoga Bpk Anies bisa mewujudkannya bagi  seluruh rakyat Indonesia bila terpilih menjadi presiden 2024..,0,0,0,3,in,61851322,1740848345378381835,whydntr,https://twitter.com/whydntr/status/1741001885396729903,Terharu melihat videonya.. Bgm seorang pemimpin yg humanis kpd semua kalangan.. Semoga Bpk Anies bisa mewujudkannya bagi seluruh rakyat Indonesia bila terpilih menjadi presiden 2024..
19,Sat Dec 30 07:38:03 +0000 2023,1741000683166605562,@nenggsyifa Hanya pak Anies yg pantas dan layak dipilih oleh rakyat Indonesia untuk jadi presiden Indonesia di 2024.,0,0,0,0,in,1563565115336966147,1740721932465824219,kumahiaw34,https://twitter.com/kumahiaw34/status/1741000683166605562,Hanya pak Anies yg pantas dan layak dipilih oleh rakyat Indonesia untuk jadi presiden Indonesia di 2024.
20,Sat Dec 30 07:25:38 +0000 2023,1740997558548455626,@nenggsyifa In syaa Allah tgl 14 Feb 2024 semua Rakyat Indonesia bergerak pilih no. 1 Anies Baswedan menjadi Presiden Republik Indonesia. Aamiin.,0,0,0,1,in,1115462349228392448,1740721932465824219,panggilakucille,https://twitter.com/panggilakucille/status/1740997558548455626,In syaa Allah tgl 14 Feb 2024 semua Rakyat Indonesia bergerak pilih no. 1 Anies Baswedan menjadi Presiden Republik Indonesia. Aamiin.
21,Sat Dec 30 07:21:58 +0000 2023,1740996633721204928,"Calon presiden nomor urut 1 itu berjanji memberi jaminan hidup kepada seluruh budayawan jika terpilih dalam Pilpres 2024 mendatang.  Menurut Anies, Budayawan perlu mendapat jaminan supaya dapat berkonsentrasi dalam berkarya dan melestarikan warisan nenek moyang Indonesia. https://t.co/oWrRbd8syF",0,0,1,1,in,46693036,1740996626892927229,inilahdotcom,https://twitter.com/inilahdotcom/status/1740996633721204928,"Calon presiden nomor urut 1 itu berjanji memberi jaminan hidup kepada seluruh budayawan jika terpilih dalam Pilpres 2024 mendatang. Menurut Anies, Budayawan perlu mendapat jaminan supaya dapat berkonsentrasi dalam berkarya dan melestarikan warisan nenek moyang Indonesia. https://t.co/oWrRbd8syF"
22,Sat Dec 30 06:24:03 +0000 2023,1740982059798347879,inshaAllah Presiden Indonesia 2024 adalah Anies Baswedan,0,2,2,6,in,1469274232978743300,1740982059798347879,swan_phn,https://twitter.com/swan_phn/status/1740982059798347879,inshaAllah Presiden Indonesia 2024 adalah Anies Baswedan
23,Sat Dec 30 06:04:27 +0000 2023,1740977127741403374,Rakyat Indonesia ğŸ‡®ğŸ‡©Menang-Kontestasi  Anies - Muhaimin Presiden Republik Indonesia 2024ğŸ™. https://t.co/9FYNzXAzvg,0,0,0,0,in,1384439076741279745,1740977127741403374,UcokPart,https://twitter.com/UcokPart/status/1740977127741403374,Rakyat Indonesia ğŸ‡®ğŸ‡©Menang-Kontestasi Anies - Muhaimin Presiden Republik Indonesia 2024ğŸ™. https://t.co/9FYNzXAzvg
24,Sat Dec 30 05:55:52 +0000 2023,1740974965120438435,"@oppahade_ Jika pilpres 2024 Pak Anies gagal menjadi Presiden, berarti Sabda Rosul SAW terbukti di Negara ini. 1. Bangsa ini adlh pemuja kedhaliman meskipun Muslim mayoritas. 2. Muslim Indonesia hanya bagaikan buih diata air, meskipun mayoritas.",0,1,0,1,in,1622591044289454080,1740964918759993831,jabangtetuko007,https://twitter.com/jabangtetuko007/status/1740974965120438435,"Jika pilpres 2024 Pak Anies gagal menjadi Presiden, berarti Sabda Rosul SAW terbukti di Negara ini. 1. Bangsa ini adlh pemuja kedhaliman meskipun Muslim mayoritas. 2. Muslim Indonesia hanya bagaikan buih diata air, meskipun mayoritas."
25,Sat Dec 30 05:21:45 +0000 2023,1740966383079534692,"@Heraloebss Wow.... Ada yg panik dan ketakutan dengan paslon no. 1, mengerahkan buzzer2 utk menurunkan elektabilitas Pak Anies Baswedan. Alhamdulillah, saya tetep milih no. 1 Pak Anies Baswedan..... Jadikanlah beliau Presiden Indonesia mulai th 2024 ya Allah â¤ï¸â¤ï¸â¤ï¸",0,0,0,0,in,39951567,1740255386031296621,Mentari00,https://twitter.com/Mentari00/status/1740966383079534692,"Wow.... Ada yg panik dan ketakutan dengan paslon no. 1, mengerahkan buzzer2 utk menurunkan elektabilitas Pak Anies Baswedan. Alhamdulillah, saya tetep milih no. 1 Pak Anies Baswedan..... Jadikanlah beliau Presiden Indonesia mulai th 2024 ya Allah â¤ï¸â¤ï¸â¤ï¸"
26,Sat Dec 30 04:46:21 +0000 2023,1740957471760666732,@Andria75777 Astaghfirullah alzim hancur lah kalau tak pak anies presiden yaa allah kabulkan do'aku 2024 pak anies presiden yaağŸ˜­ğŸ˜­ğŸ˜­ğŸ˜­ biar adalah perubahan di negara Republik ğŸ‡®ğŸ‡©ğŸ‡®ğŸ‡©ğŸ‡®ğŸ‡©Indonesia ini amin yaa rahman yaa rahim...,0,0,0,2,in,1667183626012819456,1740887583503331625,ded71785,https://twitter.com/ded71785/status/1740957471760666732,Astaghfirullah alzim hancur lah kalau tak pak anies presiden yaa allah kabulkan do'aku 2024 pak anies presiden yaağŸ˜­ğŸ˜­ğŸ˜­ğŸ˜­ biar adalah perubahan di negara Republik ğŸ‡®ğŸ‡©ğŸ‡®ğŸ‡©ğŸ‡®ğŸ‡©Indonesia ini amin yaa rahman yaa rahim...
27,Sat Dec 30 04:35:56 +0000 2023,1740954849079111931,@Banyulangit___1 Allahuakbar ğŸ’ª 2024 Anies Baswedan Presiden Indonesia,0,1,0,2,in,1469274232978743300,1739980735480774858,swan_phn,https://twitter.com/swan_phn/status/1740954849079111931,Allahuakbar ğŸ’ª 2024 Anies Baswedan Presiden Indonesia
28,Sat Dec 30 04:32:32 +0000 2023,1740953995831808138,INSYA  ALLAH  ğŸ¤² ANIES  BASWEDAN  PRESIDEN  INDONESIA  KE  8  2024 PILIHAN  RAKYAT .DI POLLING  TWITER  AMIN  NO 1  SUDAH  89 %   KAMI  PINGIN  NYA  AMIIIN  NO  1  â˜ï¸  100  %  SEMUA  SUARA  RAKYAT  UNTUK  BPK  ANIES  BASWEDAN . YANG  BUKANğŸ‘  PAHLAWAN  RAKYAT  JANGANğŸ¤šDI PILIH .,0,0,0,0,in,1565278686555013121,1740953995831808138,fransis74201222,https://twitter.com/fransis74201222/status/1740953995831808138,INSYA ALLAH ğŸ¤² ANIES BASWEDAN PRESIDEN INDONESIA KE 8 2024 PILIHAN RAKYAT .DI POLLING TWITER AMIN NO 1 SUDAH 89 % KAMI PINGIN NYA AMIIIN NO 1 â˜ï¸ 100 % SEMUA SUARA RAKYAT UNTUK BPK ANIES BASWEDAN . YANG BUKANğŸ‘ PAHLAWAN RAKYAT JANGANğŸ¤šDI PILIH .
29,Sat Dec 30 03:45:22 +0000 2023,1740942124512927768,@aniesbaswedan Luar biasa semoga bang anies sebagai presiden tahun 2024 dan amanah memimpin Indonesia ...,0,1,0,0,in,1740939957257347072,1740923673593414048,Ambo_rahman_stp,https://twitter.com/Ambo_rahman_stp/status/1740942124512927768,Luar biasa semoga bang anies sebagai presiden tahun 2024 dan amanah memimpin Indonesia ...
30,Sat Dec 30 03:07:51 +0000 2023,1740932683235229712,"@Ilustrator23 jika Anies terpilih jadi presiden 2024 dan beliau bisa membuat perubahan kearah y lebih bagus, gua yakin beliau akan disematkan titel baru oleh masyarakat indonesia  BAPAK PERUBAHAN",0,1,1,11,in,1499388788551741444,1740284945850118273,simelekete_10,https://twitter.com/simelekete_10/status/1740932683235229712,"jika Anies terpilih jadi presiden 2024 dan beliau bisa membuat perubahan kearah y lebih bagus, gua yakin beliau akan disematkan titel baru oleh masyarakat indonesia BAPAK PERUBAHAN"
31,Sat Dec 30 02:20:06 +0000 2023,1740920666986361266,@avablance Semoga pak Anies Baswedan menjadi presiden RI pada tahun 2024 dan menjadi motor perubahan bangsa Indonesia menjadi lebih baik lagi,0,0,0,101,in,1491212351324180481,1740761319215866073,DeniNugraha411,https://twitter.com/DeniNugraha411/status/1740920666986361266,Semoga pak Anies Baswedan menjadi presiden RI pada tahun 2024 dan menjadi motor perubahan bangsa Indonesia menjadi lebih baik lagi
32,Sat Dec 30 01:47:07 +0000 2023,1740912367201038468,"@nenggsyifa Keren deh pokoknya kalo pasangan Anies Dan Cak Imin jadi presiden,2024 Indonesia pasti akan majuğŸ’ªğŸ¤—",0,0,0,0,in,4510807425,1740721932465824219,delystiani,https://twitter.com/delystiani/status/1740912367201038468,"Keren deh pokoknya kalo pasangan Anies Dan Cak Imin jadi presiden,2024 Indonesia pasti akan majuğŸ’ªğŸ¤—"
33,Sat Dec 30 01:44:24 +0000 2023,1740911683189743664,@aniesbaswedan Makan yg banyak pak.. Biar badannya sehat.. Indonesia butuh panjenengan . Kami sekeluarga pilih pak Anies jd presiden Indonesia 2024.AMIN â¤,0,0,0,1,in,1695801758562533377,1740673494449562069,Suparyana1976,https://twitter.com/Suparyana1976/status/1740911683189743664,Makan yg banyak pak.. Biar badannya sehat.. Indonesia butuh panjenengan . Kami sekeluarga pilih pak Anies jd presiden Indonesia 2024.AMIN â¤
34,Sat Dec 30 01:33:30 +0000 2023,1740908940777619792,Anies Rasyid Baswedan Presiden Indonesia 2024-2029. https://t.co/cwlPq8eD4Q,0,0,0,0,in,1498840293806084096,1740908940777619792,lukmandatuk,https://twitter.com/lukmandatuk/status/1740908940777619792,Anies Rasyid Baswedan Presiden Indonesia 2024-2029. https://t.co/cwlPq8eD4Q
35,Sat Dec 30 00:44:15 +0000 2023,1740896546194157623,"Ya Allah, tolong jadiin Pak Anies Baswedan jadi Presiden Indonesia 2024-2029, ya Allah.",0,0,0,0,in,1375292776137420800,1740896546194157623,flowwynh,https://twitter.com/flowwynh/status/1740896546194157623,"Ya Allah, tolong jadiin Pak Anies Baswedan jadi Presiden Indonesia 2024-2029, ya Allah."
36,Fri Dec 29 23:08:20 +0000 2023,1740872406674350562,@QianzyZ mayoritas masyarakat Minang mendukung Anies Baswedan presiden Indonesia 2024 aminâ˜ï¸ https://t.co/xUEj9sy88Z,1,1,2,14,in,1562523510643511300,1740666852702105621,AdeWibo06533618,https://twitter.com/AdeWibo06533618/status/1740872406674350562,mayoritas masyarakat Minang mendukung Anies Baswedan presiden Indonesia 2024 aminâ˜ï¸ https://t.co/xUEj9sy88Z
37,Fri Dec 29 22:08:21 +0000 2023,1740857310476668949,"@VIVAcoid Apa jadinya lembaga2 survey ini nantinya setelah Pak Anies jadi Presiden?arus perubahan itu tidak bisa dibendung walaupun dengan sejuta survei mengalahkan Pak Anies.Rakyat Indonesia ingin hidup tenang,rukun dan merasakan keadilan.Insya Allah 2024 Pak Anies Presiden",0,0,0,1,in,1498884986211999744,1740680335543984626,Pakiwan740418,https://twitter.com/Pakiwan740418/status/1740857310476668949,"Apa jadinya lembaga2 survey ini nantinya setelah Pak Anies jadi Presiden?arus perubahan itu tidak bisa dibendung walaupun dengan sejuta survei mengalahkan Pak Anies.Rakyat Indonesia ingin hidup tenang,rukun dan merasakan keadilan.Insya Allah 2024 Pak Anies Presiden"
38,Fri Dec 29 21:33:17 +0000 2023,1740848485849829396,"Sulit Indonesia mendapatkan  pemimpin dg kualitas seperti Anies Baswedan di masa yang akan datang, jikalau  pengelolaan negara tidak mengalami Perubahan dengan contoh baik dari si pemimpin bangsa.  Oleh karena itu Anies Baswedan Presiden RI di tahun 2024 adl jawaban! #PilihNomor1",0,0,0,0,in,1216018158353432582,1740848485849829396,Trembelane2020,https://twitter.com/Trembelane2020/status/1740848485849829396,"Sulit Indonesia mendapatkan pemimpin dg kualitas seperti Anies Baswedan di masa yang akan datang, jikalau pengelolaan negara tidak mengalami Perubahan dengan contoh baik dari si pemimpin bangsa. Oleh karena itu Anies Baswedan Presiden RI di tahun 2024 adl jawaban! #PilihNomor1"
39,Fri Dec 29 21:32:38 +0000 2023,1740848322930421931,Insya Allah... Anies &amp  Cak Imin Presiden dan Wakil Presiden Indonesia 2024  #2024AniesPresiden #AniesMuhaimin2024 https://t.co/u0zipO1kAB,0,0,10,13,in,1662271127740358657,1740848322930421931,kidal70,https://twitter.com/kidal70/status/1740848322930421931,Insya Allah... Anies &amp Cak Imin Presiden dan Wakil Presiden Indonesia 2024 #2024AniesPresiden #AniesMuhaimin2024 https://t.co/u0zipO1kAB
40,Fri Dec 29 20:08:30 +0000 2023,1740827151824490928,"@tvOneNews Yg ada hnya Desak Anies ğŸ‘ Desak yg lain mana ada.. Rakyat gk mau desak yg lain, percuma.. maunya Anies saja ğŸ‘â˜Tgl 14 februari 2024 brubah judul jadi Desak Anies jadi PresidenğŸ‘ AMINin aja dulu..  Wakanda no more Indonesia forever",0,1,0,4,in,996455224305795073,1740697699958317209,Ronaldo12020232,https://twitter.com/Ronaldo12020232/status/1740827151824490928,"Yg ada hnya Desak Anies ğŸ‘ Desak yg lain mana ada.. Rakyat gk mau desak yg lain, percuma.. maunya Anies saja ğŸ‘â˜Tgl 14 februari 2024 brubah judul jadi Desak Anies jadi PresidenğŸ‘ AMINin aja dulu.. Wakanda no more Indonesia forever"
41,Fri Dec 29 14:25:00 +0000 2023,1740740704815751207,"@NenkMonica @aniesbaswedan @prabowo ANIES BEST FOR PRESIDEN INDONESIA 2024 KITA BUTUH PERUBAHAN, BUKAN PERUBALAN #SALAM AKAL SEHAT",0,0,0,0,in,1516485861713801217,1740238590460961245,AnwarRul5,https://twitter.com/AnwarRul5/status/1740740704815751207,"ANIES BEST FOR PRESIDEN INDONESIA 2024 KITA BUTUH PERUBAHAN, BUKAN PERUBALAN #SALAM AKAL SEHAT"
42,Fri Dec 29 14:03:07 +0000 2023,1740735201356190166,"@descha05 @STresnowati1 Anies berani menghadapi masalah &amp  mencari solusinya.. capres lain takut mendengar masalah, cuma berani bayar suara rakyat..  InsyaAllah Anies Presiden Indonesia 2024.. AAMIIN   #AMINAjaDulu",0,0,0,1,in,1618186893811941376,1740711732895711506,abimarsyadk,https://twitter.com/abimarsyadk/status/1740735201356190166,"Anies berani menghadapi masalah &amp mencari solusinya.. capres lain takut mendengar masalah, cuma berani bayar suara rakyat.. InsyaAllah Anies Presiden Indonesia 2024.. AAMIIN #AMINAjaDulu"
43,Fri Dec 29 11:47:46 +0000 2023,1740701137177825761,"Mereka cinta ANIES, mereka Rindu ANIES, mereka berjuang tanpa minta balasan , mereka mau #ANIES Mejadi #Presiden Indonesia 2024 #AMINajaDULU",0,0,1,1,in,1506195203564388356,1740701137177825761,Mustafa96991932,https://twitter.com/Mustafa96991932/status/1740701137177825761,"Mereka cinta ANIES, mereka Rindu ANIES, mereka berjuang tanpa minta balasan , mereka mau #ANIES Mejadi #Presiden Indonesia 2024 #AMINajaDULU"
44,Fri Dec 29 11:10:23 +0000 2023,1740691730461229479,"@tvOneNews @vairrys Keren deh pokoknya kalo pasangan Anies Dan Cak Imin jadi presiden,2024 Indonesia pastiii akan majuğŸ’ªğŸ¤—",0,0,0,0,in,1692120211263221760,1740297121902072095,pitriputri43,https://twitter.com/pitriputri43/status/1740691730461229479,"Keren deh pokoknya kalo pasangan Anies Dan Cak Imin jadi presiden,2024 Indonesia pastiii akan majuğŸ’ªğŸ¤—"
45,Fri Dec 29 11:10:17 +0000 2023,1740691704469229844,"@tvOneNews @vairrys Keren deh pokoknya kalo pasangan Anies Dan Cak Imin jadi presiden,2024 Indonesia pastiii akan majuğŸ’ªğŸ¤—",0,0,0,0,in,886946183427444736,1740297121902072095,fadiljaidi23,https://twitter.com/fadiljaidi23/status/1740691704469229844,"Keren deh pokoknya kalo pasangan Anies Dan Cak Imin jadi presiden,2024 Indonesia pastiii akan majuğŸ’ªğŸ¤—"
46,Fri Dec 29 10:14:02 +0000 2023,1740677547099402621,"@Arie_Kriting Saya senang sekali Pak Anies jika terpilih jadi Presiden 2024 ingin sekali bikin rakyat papua sejahtera, insyaallah niat baik Pak Anies di Ridhoi Allah SWT. Terbukti saat beliau jadi Mendikbud sdh puluhan guru dikirim ke Papua dalam Program Indonesia Mengajar.",0,0,0,2,in,377832081,1740341009450733814,andi7044,https://twitter.com/andi7044/status/1740677547099402621,"Saya senang sekali Pak Anies jika terpilih jadi Presiden 2024 ingin sekali bikin rakyat papua sejahtera, insyaallah niat baik Pak Anies di Ridhoi Allah SWT. Terbukti saat beliau jadi Mendikbud sdh puluhan guru dikirim ke Papua dalam Program Indonesia Mengajar."
47,Fri Dec 29 10:00:57 +0000 2023,1740674256370094437,Bukan kampanye ini kata @bawaslu_RI coba kalo yg ngelakuin ANIES AMIN presiden Indonesia 2024,0,0,0,0,in,1259453408,1740674256370094437,memegarislucu,https://twitter.com/memegarislucu/status/1740674256370094437,Bukan kampanye ini kata coba kalo yg ngelakuin ANIES AMIN presiden Indonesia 2024
48,Fri Dec 29 09:59:56 +0000 2023,1740674001838670141,"@tvOneNews Pak Anies Baswedan adalah sosok capres yang paling cerdas diantara lain, bagus sekali rakyat indonesia yang sudah mantap pilih pak Anies. Semangat terus pak Anies saya berharap anda menjadi presiden indonesia 2024.",0,0,0,0,in,764154529000611840,1740297121902072095,DadangRusmanaf,https://twitter.com/DadangRusmanaf/status/1740674001838670141,"Pak Anies Baswedan adalah sosok capres yang paling cerdas diantara lain, bagus sekali rakyat indonesia yang sudah mantap pilih pak Anies. Semangat terus pak Anies saya berharap anda menjadi presiden indonesia 2024."
49,Fri Dec 29 09:57:58 +0000 2023,1740673504775995558,@tvOneNews Tokoh yang bagus bijak dan berintegritas tinggi pa anies ya bersama pa anies saya yakin banyak perburuhan positif di Indonesia dari berbagai bidang pa anies presiden 2024,0,0,0,0,in,2758844307,1740297121902072095,HannaSurana,https://twitter.com/HannaSurana/status/1740673504775995558,Tokoh yang bagus bijak dan berintegritas tinggi pa anies ya bersama pa anies saya yakin banyak perburuhan positif di Indonesia dari berbagai bidang pa anies presiden 2024
50,Fri Dec 29 09:41:58 +0000 2023,1740669480609755341,"@tvOneNews Besar harapan saya dukung Pak Anies, semoga jagoan saya kali ini terpilih menjadi presiden pemilu 2024, harapanya bangsa Indonesia bisa lebih maju dan lebih berintegritas dari tahun ini atau tahun- tahun sebelumnya",0,0,1,7,in,2234510821,1740297121902072095,Ahmad_Danynipo,https://twitter.com/Ahmad_Danynipo/status/1740669480609755341,"Besar harapan saya dukung Pak Anies, semoga jagoan saya kali ini terpilih menjadi presiden pemilu 2024, harapanya bangsa Indonesia bisa lebih maju dan lebih berintegritas dari tahun ini atau tahun- tahun sebelumnya"
51,Fri Dec 29 09:03:04 +0000 2023,1740659687572541477,"@nialubis_ Buat temen2 yg muslim Bantu jalur langit yuk Tiap sholat wajib, sholat tahajjud, dan sholat lainnya Kita berdoa  Ya Allah Hamba sbg rakyat Indonesia yg terdzalimi oleh pemerintah saat ini Hamba ridho Anies Baswedan jadi presiden Indonesia 2024 #AMINAjaDulu",0,0,0,0,in,1681326522265907200,1740595089595040175,jslee_13,https://twitter.com/jslee_13/status/1740659687572541477,"Buat temen2 yg muslim Bantu jalur langit yuk Tiap sholat wajib, sholat tahajjud, dan sholat lainnya Kita berdoa Ya Allah Hamba sbg rakyat Indonesia yg terdzalimi oleh pemerintah saat ini Hamba ridho Anies Baswedan jadi presiden Indonesia 2024 #AMINAjaDulu"
52,Fri Dec 29 08:58:44 +0000 2023,1740658598613749988,@Generasi_MudaNU Bismillahirrahmanirrahim Saya keturunan NU dari Jawa Tengah menyatakan dukungan kepada Anies Baswedan dan Muhaimin Iskandar sebagai Calon Presiden dan Wakil Presiden Republik Indonesia Periode 2024-2029. Silahkan yang ikuti saya like dan retweet,0,2,4,10,in,1653142840254566400,1740581286195130729,gilang_ahm31272,https://twitter.com/gilang_ahm31272/status/1740658598613749988,Bismillahirrahmanirrahim Saya keturunan NU dari Jawa Tengah menyatakan dukungan kepada Anies Baswedan dan Muhaimin Iskandar sebagai Calon Presiden dan Wakil Presiden Republik Indonesia Periode 2024-2029. Silahkan yang ikuti saya like dan retweet
53,Fri Dec 29 08:57:50 +0000 2023,1740658373157363747,"Tahun 2024 - 2029 Presiden Republik Indonesia. Prof. Dr. H. Sayyid Muhammad Anies Rasyid Abdurrahman Baswedan @aniesbaswedan , SE., M.P.P., Ph.D., Ph.D.  Wakil Presiden Republik Indonesia. Dr. Drs. KH. Gus Abdul Muhaimin Muhammad Iskandar @cakimiNOW , https://t.co/RuSLs42M6p.",0,0,0,0,in,1710919332489052160,1740658373157363747,Gus_Malik19,https://twitter.com/Gus_Malik19/status/1740658373157363747,"Tahun 2024 - 2029 Presiden Republik Indonesia. Prof. Dr. H. Sayyid Muhammad Anies Rasyid Abdurrahman Baswedan , SE., M.P.P., Ph.D., Ph.D. Wakil Presiden Republik Indonesia. Dr. Drs. KH. Gus Abdul Muhaimin Muhammad Iskandar , https://t.co/RuSLs42M6p."
54,Fri Dec 29 07:39:46 +0000 2023,1740638726085288177,Presiden 2024 Prediksi Nenek Bakol Batu: ANIES-MUHAIMIN. Rakyat Indonesia ğŸ‡®ğŸ‡© Memberikan Mandat. Insya Allah BenarğŸ™ğŸ‘,0,0,0,0,in,1384439076741279745,1740638726085288177,UcokPart,https://twitter.com/UcokPart/status/1740638726085288177,Presiden 2024 Prediksi Nenek Bakol Batu: ANIES-MUHAIMIN. Rakyat Indonesia ğŸ‡®ğŸ‡© Memberikan Mandat. Insya Allah BenarğŸ™ğŸ‘
55,Fri Dec 29 07:34:13 +0000 2023,1740637328136348128,"Subhanallah Masya Allah Opo Ra NGERI Rek? AMIN di BACKUP, KIYAI-KIYAI Kondang,Nomor Satu Rek. Para ULAMA,KIYAI,USTAD &amp  SANTRI Sudah BERSATU untuk Memenangkan AMIN Untuk Bangsa Indonesia. Berkat DOA Para ULAMA,Baarakallah In sya Allah ANIES PRESIDEN 2024ğŸ‘ğŸ‘ AMIN AMIN AMINğŸ¤²ğŸ¤² https://t.co/MVi6RhhnYm",11,21,384,784,in,1685182301800656896,1740637328136348128,Azri_Ardhani,https://twitter.com/Azri_Ardhani/status/1740637328136348128,"Subhanallah Masya Allah Opo Ra NGERI Rek? AMIN di BACKUP, KIYAI-KIYAI Kondang,Nomor Satu Rek. Para ULAMA,KIYAI,USTAD &amp SANTRI Sudah BERSATU untuk Memenangkan AMIN Untuk Bangsa Indonesia. Berkat DOA Para ULAMA,Baarakallah In sya Allah ANIES PRESIDEN 2024ğŸ‘ğŸ‘ AMIN AMIN AMINğŸ¤²ğŸ¤² https://t.co/MVi6RhhnYm"
56,Fri Dec 29 07:01:09 +0000 2023,1740629008306639221,"@tvOneNews Kerennn deh pokoknya kalo pasangan Anies Dan Cak Imin jadi presiden,2024 Indonesia pasti akan majuğŸ’ªğŸ¤—",0,0,0,0,in,892063630623158272,1740297121902072095,alanawulannn,https://twitter.com/alanawulannn/status/1740629008306639221,"Kerennn deh pokoknya kalo pasangan Anies Dan Cak Imin jadi presiden,2024 Indonesia pasti akan majuğŸ’ªğŸ¤—"
57,Fri Dec 29 06:12:19 +0000 2023,1740616717561471113,Untuk Indonesia Adil Makmur untuk Semua ğŸ‡®ğŸ‡©  Anies Baswedan - Muhaimin Iskandar | Presiden - Wakil Presiden RI 2024-2029 |  #AMINAjaDulu  #AMINno1 https://t.co/Zhn4ADfjgl,0,0,0,0,in,962365439706738688,1740616717561471113,pkb_buruselatan,https://twitter.com/pkb_buruselatan/status/1740616717561471113,Untuk Indonesia Adil Makmur untuk Semua ğŸ‡®ğŸ‡© Anies Baswedan - Muhaimin Iskandar | Presiden - Wakil Presiden RI 2024-2029 | #AMINAjaDulu #AMINno1 https://t.co/Zhn4ADfjgl
58,Fri Dec 29 06:00:25 +0000 2023,1740613725194002443,"@genx36545403 @prabowo @gibran Logistik tak terbatas emang di pihak prabowo...  Tpi tenang, indonesia akan adil makmur sejahtera di bawah presiden Anies 2024 jdi rakyat gk perlu sumbangan lgi tpi bisa nyumbang, AMIN",0,0,0,0,in,1208044092082360320,1740264933974212931,wahaidiriku,https://twitter.com/wahaidiriku/status/1740613725194002443,"Logistik tak terbatas emang di pihak prabowo... Tpi tenang, indonesia akan adil makmur sejahtera di bawah presiden Anies 2024 jdi rakyat gk perlu sumbangan lgi tpi bisa nyumbang, AMIN"
59,Fri Dec 29 05:21:29 +0000 2023,1740603924032446654,@124hmahHastuti1 @aniesbaswedan @ganjarpranowo @ch_chotimah2 Saya lebih senang mengatakan In Syaa Allah Anies Baswedan The Next Presiden Indonesia 2024 - satu putaran aja.,0,0,0,0,in,1558577107902799872,1740397188340133960,MuhidinEman,https://twitter.com/MuhidinEman/status/1740603924032446654,Saya lebih senang mengatakan In Syaa Allah Anies Baswedan The Next Presiden Indonesia 2024 - satu putaran aja.
60,Fri Dec 29 04:40:34 +0000 2023,1740593627339108452,@ermitriaji @Kimberley_2024 Tentu.. Tidak akan ada penyesalan..jika Anies Jadi Presiden Yang ada adalah keberuntungan bagi seluruh rakyat Indonesia,0,0,0,1,in,1054217592645140480,1740508148539203642,Deslini2,https://twitter.com/Deslini2/status/1740593627339108452,Tentu.. Tidak akan ada penyesalan..jika Anies Jadi Presiden Yang ada adalah keberuntungan bagi seluruh rakyat Indonesia
61,Fri Dec 29 00:02:15 +0000 2023,1740523590062350418,@Arie_Kriting Ayo kita AMIN kan Indonesia utk perubahan yg lbh baik .. InsyaaAllah ikhtiyar yg baik didukung doa dari semua yg mendukung Paslon AMIN semoga bisa menjadi wasilah ridho Allah Swt bhw Anies-Muhaimin menjadi Presiden RI dan Wapres nya 2024 nanti. Aamiin Allahumma aamiin.,0,0,0,0,in,830031149510520833,1740293929583718701,Matinokhoirudi2,https://twitter.com/Matinokhoirudi2/status/1740523590062350418,Ayo kita AMIN kan Indonesia utk perubahan yg lbh baik .. InsyaaAllah ikhtiyar yg baik didukung doa dari semua yg mendukung Paslon AMIN semoga bisa menjadi wasilah ridho Allah Swt bhw Anies-Muhaimin menjadi Presiden RI dan Wapres nya 2024 nanti. Aamiin Allahumma aamiin.
62,Thu Dec 28 23:21:29 +0000 2023,1740513328047575531,"Bebas Pajak PBB untuk Para Pahlawan Bangsa dan keturunannya yang menempati Rumah Orangtuanya.Penghargaan pak Anies Baswedan bagi para pahlawan bangsa saat menjabat sebagai Gubernur DKI,RUGI BANGSA INDONESIA JIKA BELIAU TIDAK TERPILIH SEBAGAI PRESIDEN RI 2024 https://t.co/Ioj2I1azPc",0,0,0,0,in,1728422910627549184,1740513328047575531,SitiRoh48066326,https://twitter.com/SitiRoh48066326/status/1740513328047575531,"Bebas Pajak PBB untuk Para Pahlawan Bangsa dan keturunannya yang menempati Rumah Orangtuanya.Penghargaan pak Anies Baswedan bagi para pahlawan bangsa saat menjabat sebagai Gubernur DKI,RUGI BANGSA INDONESIA JIKA BELIAU TIDAK TERPILIH SEBAGAI PRESIDEN RI 2024 https://t.co/Ioj2I1azPc"
63,Thu Dec 28 16:10:41 +0000 2023,1740404912704623043,"Menurut saya, Pak Anies harus jadi Presiden 2024-2029. Rakyat Indonesia akan sangat beruntung dan merasakan perubahannya",0,0,0,1,in,266454412,1740404912704623043,AchFath,https://twitter.com/AchFath/status/1740404912704623043,"Menurut saya, Pak Anies harus jadi Presiden 2024-2029. Rakyat Indonesia akan sangat beruntung dan merasakan perubahannya"
64,Thu Dec 28 14:35:20 +0000 2023,1740380920144904554,"@tvOneNews Anies layak jadi presiden RI 2024..  pemimpin dambaan semua orang.. cerdas,berahlak dan religius..  salam perubahan ... rakyat Indonesia mendukung mu..ğŸ‘ğŸ‘ğŸ‘",0,0,1,9,in,1613018645088833536,1740328895386415124,Aja8Rachman,https://twitter.com/Aja8Rachman/status/1740380920144904554,"Anies layak jadi presiden RI 2024.. pemimpin dambaan semua orang.. cerdas,berahlak dan religius.. salam perubahan ... rakyat Indonesia mendukung mu..ğŸ‘ğŸ‘ğŸ‘"
65,Thu Dec 28 13:52:24 +0000 2023,1740370115131220202,@pcrsonu â¤ï¸â¤ï¸â¤ï¸ğŸ˜­ğŸ˜­ğŸ˜­ ayo bersama kita sukseskan Pak Anies menjadi presiden 2024 GW YAKIN INDONESIA KHUSUSNYA PENDIDIKAN BISA MAKIN MAJU SAMA DIA!!! AAMIIN!!!,0,1,0,0,in,4716555199,1740366481094005083,idismeli,https://twitter.com/idismeli/status/1740370115131220202,â¤ï¸â¤ï¸â¤ï¸ğŸ˜­ğŸ˜­ğŸ˜­ ayo bersama kita sukseskan Pak Anies menjadi presiden 2024 GW YAKIN INDONESIA KHUSUSNYA PENDIDIKAN BISA MAKIN MAJU SAMA DIA!!! AAMIIN!!!
66,Thu Dec 28 10:51:15 +0000 2023,1740324527329140881,"Kurang hebat apa lagi Anies,semua mengakui kehebatan nya, jika jadi Presiden 2024 saya yakin Indonesia akan adil makmur aman sentosa dan sejahtera, yakin",0,0,0,0,in,805569468688527360,1740312047165005995,devcepi60,https://twitter.com/devcepi60/status/1740324527329140881,"Kurang hebat apa lagi Anies,semua mengakui kehebatan nya, jika jadi Presiden 2024 saya yakin Indonesia akan adil makmur aman sentosa dan sejahtera, yakin"
67,Thu Dec 28 08:28:09 +0000 2023,1740288515924242517,@Mikazuki666139 @ARSIPAJA Bayangkan Indonesia di tahun 2024 Presiden:Anies Kemhan:Prabowo Bayangkan saja enaknya jadi Rohingya bayangin aja dluğŸ¥°ğŸ¥°ğŸ¥°ğŸ¥°,0,1,0,0,in,1245218924288823297,1740236187078672425,n1ghtmare23_,https://twitter.com/n1ghtmare23_/status/1740288515924242517,Bayangkan Indonesia di tahun 2024 Presiden:Anies Kemhan:Prabowo Bayangkan saja enaknya jadi Rohingya bayangin aja dluğŸ¥°ğŸ¥°ğŸ¥°ğŸ¥°
68,Thu Dec 28 04:59:57 +0000 2023,1740236118367572014,@detikcom Semoga Allah menyelamatkan bangsa dan negara indonesia ini dengan mentakdirkan Anies Baswedan sebagai Presiden RI (2024-2029 ) yg amanah dan berlaku adil. Aamiinâ€¦,0,0,0,1,in,1115462349228392448,1739942948777685132,panggilakucille,https://twitter.com/panggilakucille/status/1740236118367572014,Semoga Allah menyelamatkan bangsa dan negara indonesia ini dengan mentakdirkan Anies Baswedan sebagai Presiden RI (2024-2029 ) yg amanah dan berlaku adil. Aamiinâ€¦
69,Thu Dec 28 04:52:00 +0000 2023,1740234117491650742,"PAK ANIES GA SENDIRIAN, SELURUH RAKYAT INDONESIA SIAP ANTARKAN BAPAK JADI PRESIDEN 2024 #AMINAjaDulu",0,0,1,1,in,1739224803322830848,1740234117491650742,oppa_cha_imin,https://twitter.com/oppa_cha_imin/status/1740234117491650742,"PAK ANIES GA SENDIRIAN, SELURUH RAKYAT INDONESIA SIAP ANTARKAN BAPAK JADI PRESIDEN 2024 #AMINAjaDulu"
70,Thu Dec 28 04:15:39 +0000 2023,1740224971358806068,Karena ada keinginan hati yang bersih dan tulus agar Negara Kesatuan Republik Indonesia ini dipimpin oleh seorang yang cerdas dan In syaa Allaah amanah maka pilihan saya jatuh ke Anies Baswedan presiden 2024...,0,0,0,0,in,848770672587284480,1740224971358806068,BahaudinArija,https://twitter.com/BahaudinArija/status/1740224971358806068,Karena ada keinginan hati yang bersih dan tulus agar Negara Kesatuan Republik Indonesia ini dipimpin oleh seorang yang cerdas dan In syaa Allaah amanah maka pilihan saya jatuh ke Anies Baswedan presiden 2024...
71,Wed Dec 27 14:51:20 +0000 2023,1740022559083741600,"@Abahpurwa1 AMIN, PAK ANIES PRESIDEN INDONESIA INSYAALLAH 2024",0,0,0,0,in,1604551385713762304,1739663897165287475,bg_Alles,https://twitter.com/bg_Alles/status/1740022559083741600,"AMIN, PAK ANIES PRESIDEN INDONESIA INSYAALLAH 2024"
72,Wed Dec 27 14:50:31 +0000 2023,1740022351713235312,"@geloraco Buat temen2 yg muslim Bantu jalur langit yuk Tiap sholat wajib, sholat tahajjud, dan sholat lainnya Kita berdoa  Ya Allah Hamba sbg rakyat Indonesia yg terdzalimi oleh pemerintah saat ini Hamba ridho anies Baswedan jadi presiden Indonesia 2024 #AMINAjaDulu",0,0,0,0,in,1681326522265907200,1739920229457940691,jslee_13,https://twitter.com/jslee_13/status/1740022351713235312,"Buat temen2 yg muslim Bantu jalur langit yuk Tiap sholat wajib, sholat tahajjud, dan sholat lainnya Kita berdoa Ya Allah Hamba sbg rakyat Indonesia yg terdzalimi oleh pemerintah saat ini Hamba ridho anies Baswedan jadi presiden Indonesia 2024 #AMINAjaDulu"
73,Wed Dec 27 14:13:07 +0000 2023,1740012942094180531,"Maju terus,Anies Baswedan presiden For Indonesia 2024",0,0,0,0,in,1246757246484148229,1740012942094180531,Pohan22250416,https://twitter.com/Pohan22250416/status/1740012942094180531,"Maju terus,Anies Baswedan presiden For Indonesia 2024"
74,Wed Dec 27 13:34:17 +0000 2023,1740003166069182580,"@xibass1 @habiburokhman @habiburokhman tolong ntu orang jadiin DPO bikin malu anak jakarta timur aje . Indonesia perlu perubahan bismillahirrahmanirrahim dg izin Alloh SWT Anies Baswedan Presiden Republik 2024-2029. Semoga sehat selalu bang @habiburokhman , bisa hadir pelantikan Anies - Muhaimin",0,2,0,6,in,1720438848105402368,1739653328651608455,JujurKeren40418,https://twitter.com/JujurKeren40418/status/1740003166069182580,"tolong ntu orang jadiin DPO bikin malu anak jakarta timur aje . Indonesia perlu perubahan bismillahirrahmanirrahim dg izin Alloh SWT Anies Baswedan Presiden Republik 2024-2029. Semoga sehat selalu bang , bisa hadir pelantikan Anies - Muhaimin"
75,Wed Dec 27 13:19:44 +0000 2023,1739999506203390460,"@imanlagi Buat temen2 yg muslim Bantu jalur langit yuk Tiap sholat wajib, sholat tahajjud, dan sholat lainnya Kita berdoa  Ya Allah Hamba sbg rakyat Indonesia yg terdzalimi oleh pemerintah saat ini Hamba ridho anies RB jadi presiden Indonesia 2024",0,0,0,0,in,1681326522265907200,1739947504266072065,jslee_13,https://twitter.com/jslee_13/status/1739999506203390460,"Buat temen2 yg muslim Bantu jalur langit yuk Tiap sholat wajib, sholat tahajjud, dan sholat lainnya Kita berdoa Ya Allah Hamba sbg rakyat Indonesia yg terdzalimi oleh pemerintah saat ini Hamba ridho anies RB jadi presiden Indonesia 2024"
76,Wed Dec 27 12:16:10 +0000 2023,1739983509459292536,@abu_waras dari 3 capres hanya Anies Baswedan calon presiden yang terbaik di pilih untuk memimpin Indonesia 2024 amin â˜ï¸ https://t.co/wjH88Rz95B,0,0,0,0,in,1562523510643511300,1739891323711434843,AdeWibo06533618,https://twitter.com/AdeWibo06533618/status/1739983509459292536,dari 3 capres hanya Anies Baswedan calon presiden yang terbaik di pilih untuk memimpin Indonesia 2024 amin â˜ï¸ https://t.co/wjH88Rz95B
77,Wed Dec 27 11:59:20 +0000 2023,1739979270712386018,"@Mdy_Asmara1701 Buat temen2 yg muslim Bantu jalur langit yuk Tiap sholat wajib, sholat tahajjud, dan sholat lainnya Kita berdoa  Ya Allah Hamba sbg rakyat Indonesia yg terdzalimi oleh pemerintah saat ini Hamba ridho anies RB jadi presiden Indonesia 2024",0,0,0,0,in,1681326522265907200,1739899278078906516,jslee_13,https://twitter.com/jslee_13/status/1739979270712386018,"Buat temen2 yg muslim Bantu jalur langit yuk Tiap sholat wajib, sholat tahajjud, dan sholat lainnya Kita berdoa Ya Allah Hamba sbg rakyat Indonesia yg terdzalimi oleh pemerintah saat ini Hamba ridho anies RB jadi presiden Indonesia 2024"
78,Wed Dec 27 11:59:09 +0000 2023,1739979224956690908,"@ShamsiAli2 Buat temen2 yg muslim Bantu jalur langit yuk Tiap sholat wajib, sholat tahajjud, dan sholat lainnya Kita berdoa  Ya Allah Hamba sbg rakyat Indonesia yg terdzalimi oleh pemerintah saat ini Hamba ridho anies RB jadi presiden Indonesia 2024",0,0,0,0,in,1681326522265907200,1739665831598895553,jslee_13,https://twitter.com/jslee_13/status/1739979224956690908,"Buat temen2 yg muslim Bantu jalur langit yuk Tiap sholat wajib, sholat tahajjud, dan sholat lainnya Kita berdoa Ya Allah Hamba sbg rakyat Indonesia yg terdzalimi oleh pemerintah saat ini Hamba ridho anies RB jadi presiden Indonesia 2024"
79,Wed Dec 27 11:56:46 +0000 2023,1739978625078956354,"@BosPurwa Buat temen2 yg muslim Bantu jalur langit yuk Tiap sholat wajib, sholat tahajjud, dan sholat lainnya Kita berdoa  Ya Allah Hamba sbg rakyat Indonesia yg terdzalimi oleh pemerintah saat ini Hamba ridho anies RB jadi presiden Indonesia 2024",0,0,0,0,in,1681326522265907200,1739699168485253367,jslee_13,https://twitter.com/jslee_13/status/1739978625078956354,"Buat temen2 yg muslim Bantu jalur langit yuk Tiap sholat wajib, sholat tahajjud, dan sholat lainnya Kita berdoa Ya Allah Hamba sbg rakyat Indonesia yg terdzalimi oleh pemerintah saat ini Hamba ridho anies RB jadi presiden Indonesia 2024"
80,Wed Dec 27 11:51:45 +0000 2023,1739977364178919616,"@marlina_idha Buat temen2 yg muslim Bantu jalur langit yuk Tiap sholat wajib, sholat tahajjud, dan sholat lainnya Kita berdoa  Ya Allah Hamba sbg rakyat Indonesia yg terdzalimi oleh pemerintah saat ini Hamba ridho anies RB jadi presiden Indonesia 2024",0,0,0,0,in,1681326522265907200,1739931214453371388,jslee_13,https://twitter.com/jslee_13/status/1739977364178919616,"Buat temen2 yg muslim Bantu jalur langit yuk Tiap sholat wajib, sholat tahajjud, dan sholat lainnya Kita berdoa Ya Allah Hamba sbg rakyat Indonesia yg terdzalimi oleh pemerintah saat ini Hamba ridho anies RB jadi presiden Indonesia 2024"
81,Wed Dec 27 11:46:32 +0000 2023,1739976049365299510,"@kumparan Buat temen2 yg muslim Bantu jalur langit yuk Tiap sholat wajib, sholat tahajjud, dan sholat lainnya Kita berdoa  Ya Allah Hamba sbg rakyat Indonesia yg terdzalimi oleh pemerintah saat ini Hamba ridho anies RB jadi presiden Indonesia 2024",0,0,0,0,in,1681326522265907200,1739911030015500338,jslee_13,https://twitter.com/jslee_13/status/1739976049365299510,"Buat temen2 yg muslim Bantu jalur langit yuk Tiap sholat wajib, sholat tahajjud, dan sholat lainnya Kita berdoa Ya Allah Hamba sbg rakyat Indonesia yg terdzalimi oleh pemerintah saat ini Hamba ridho anies RB jadi presiden Indonesia 2024"
82,Wed Dec 27 11:46:04 +0000 2023,1739975935972270301,"@tempodotco Buat temen2 yg muslim Bantu jalur langit yuk Tiap sholat wajib, sholat tahajjud, dan sholat lainnya Kita berdoa  Ya Allah Hamba sbg rakyat Indonesia yg terdzalimi oleh pemerintah saat ini Hamba ridho anies RB jadi presiden Indonesia 2024",0,0,0,0,in,1681326522265907200,1739795516991607210,jslee_13,https://twitter.com/jslee_13/status/1739975935972270301,"Buat temen2 yg muslim Bantu jalur langit yuk Tiap sholat wajib, sholat tahajjud, dan sholat lainnya Kita berdoa Ya Allah Hamba sbg rakyat Indonesia yg terdzalimi oleh pemerintah saat ini Hamba ridho anies RB jadi presiden Indonesia 2024"
83,Wed Dec 27 11:42:49 +0000 2023,1739975116489142523,"@sociotalker Buat temen2 yg muslim Bantu jalur langit yuk Tiap sholat wajib, sholat tahajjud, dan sholat lainnya Kita berdoa  Ya Allah Hamba sbg rakyat Indonesia yg terdzalimi oleh pemerintah saat ini Hamba ridho anies RB jadi presiden Indonesia 2024",0,0,0,0,in,1681326522265907200,1739933861356724586,jslee_13,https://twitter.com/jslee_13/status/1739975116489142523,"Buat temen2 yg muslim Bantu jalur langit yuk Tiap sholat wajib, sholat tahajjud, dan sholat lainnya Kita berdoa Ya Allah Hamba sbg rakyat Indonesia yg terdzalimi oleh pemerintah saat ini Hamba ridho anies RB jadi presiden Indonesia 2024"
84,Wed Dec 27 11:42:05 +0000 2023,1739974930073321535,"@ruthnats Buat temen2 yg muslim Bantu jalur langit yuk Tiap sholat wajib, sholat tahajjud, dan sholat lainnya Kita berdoa  Ya Allah Hamba sbg rakyat Indonesia yg terdzalimi oleh pemerintah saat ini Hamba ridho anies RB jadi presiden Indonesia 2024",0,0,0,0,in,1681326522265907200,1739919654922191135,jslee_13,https://twitter.com/jslee_13/status/1739974930073321535,"Buat temen2 yg muslim Bantu jalur langit yuk Tiap sholat wajib, sholat tahajjud, dan sholat lainnya Kita berdoa Ya Allah Hamba sbg rakyat Indonesia yg terdzalimi oleh pemerintah saat ini Hamba ridho anies RB jadi presiden Indonesia 2024"
85,Wed Dec 27 11:40:06 +0000 2023,1739974433367019542,"@Afutami @bijakmemilihid @abigailimuriaa Buat temen2 yg muslim Bantu jalur langit yuk Tiap sholat wajib, sholat tahajjud, dan sholat lainnya Kita berdoa  Ya Allah Hamba sbg rakyat Indonesia yg terdzalimi oleh pemerintah skrg Hamba ridho anies RB jadi presiden Indonesia 2024",0,0,0,0,in,1681326522265907200,1739882836151394724,jslee_13,https://twitter.com/jslee_13/status/1739974433367019542,"Buat temen2 yg muslim Bantu jalur langit yuk Tiap sholat wajib, sholat tahajjud, dan sholat lainnya Kita berdoa Ya Allah Hamba sbg rakyat Indonesia yg terdzalimi oleh pemerintah skrg Hamba ridho anies RB jadi presiden Indonesia 2024"
86,Wed Dec 27 09:16:29 +0000 2023,1739938290802057717,@marlina_idha pak anies presiden indonesia 2024,0,0,0,0,in,1731173338037575680,1739601977275994439,muriaannisaa,https://twitter.com/muriaannisaa/status/1739938290802057717,pak anies presiden indonesia 2024
87,Wed Dec 27 09:16:08 +0000 2023,1739938201597293026,"@sadriwalfarouq Anies itu anak kandung HMI Muhaimin itu juga anak kandung PMII, jadinya dua perpaduan pergerakan organisasi besar di indonesia. saya sebagai alumni HMI sangat bahagia jika para Alumni HMI ini ikut andil dalam memperjuangkan Anies Muhaimin sebagai presiden dan wakil presiden 2024",0,0,0,2,in,1331898132670468096,1739911895984087210,ass_umay,https://twitter.com/ass_umay/status/1739938201597293026,"Anies itu anak kandung HMI Muhaimin itu juga anak kandung PMII, jadinya dua perpaduan pergerakan organisasi besar di indonesia. saya sebagai alumni HMI sangat bahagia jika para Alumni HMI ini ikut andil dalam memperjuangkan Anies Muhaimin sebagai presiden dan wakil presiden 2024"
88,Wed Dec 27 08:50:01 +0000 2023,1739931629827559744,@habiburokhman Selamat utk pak Prabowo sudah menjadi Presiden Survey. Dan Selamat utk Pak Anies Baswedan menjadi Presiden Indonesia 2024-2029. Aamiin ğŸ¤²,0,0,0,0,in,430335386,1739653328651608455,FachrudinAchmad,https://twitter.com/FachrudinAchmad/status/1739931629827559744,Selamat utk pak Prabowo sudah menjadi Presiden Survey. Dan Selamat utk Pak Anies Baswedan menjadi Presiden Indonesia 2024-2029. Aamiin ğŸ¤²
89,Wed Dec 27 08:43:06 +0000 2023,1739929890789748965,@a_forestama @habiburokhman alhmdlh..kebangkitan islam bermula dari indonesia dgn terpilihnya anies baswedan presiden ri 2024 amiinn ğŸ¤²ğŸ¤²ğŸ¤²,0,1,0,0,in,1550023577961123841,1739653328651608455,BladeSeven2,https://twitter.com/BladeSeven2/status/1739929890789748965,alhmdlh..kebangkitan islam bermula dari indonesia dgn terpilihnya anies baswedan presiden ri 2024 amiinn ğŸ¤²ğŸ¤²ğŸ¤²
90,Wed Dec 27 06:41:25 +0000 2023,1739899264921370918,@FeniRose_ SMG DTHN 2024 AB D MI Mj PSD D WKL PSD IND. (semoga ditahun 2024 Anies Baswedan dan Muhaimin Iskandar menjadi Presiden dan wakil Presiden Indonesia),0,0,0,0,in,1726179158882197505,1739861074781016478,ded17291,https://twitter.com/ded17291/status/1739899264921370918,SMG DTHN 2024 AB D MI Mj PSD D WKL PSD IND. (semoga ditahun 2024 Anies Baswedan dan Muhaimin Iskandar menjadi Presiden dan wakil Presiden Indonesia)
91,Wed Dec 27 05:57:37 +0000 2023,1739888244610015283,#AMINAjaDulu #DesakAnies adalah gambaran betapa rakyat indonesia menginginkan perubahan dan perbaikan untuk Indonesia atas terpilihnya pak anies menjadi presiden 2024,0,0,3,2,in,1714175753292808192,1739888244610015283,iq5kr,https://twitter.com/iq5kr/status/1739888244610015283,#AMINAjaDulu #DesakAnies adalah gambaran betapa rakyat indonesia menginginkan perubahan dan perbaikan untuk Indonesia atas terpilihnya pak anies menjadi presiden 2024
92,Tue Dec 26 16:07:03 +0000 2023,1739679225316286650,2024 Kami Rakyat Indonesia akan menjadi Saksi Sejarah atas Pelantikan Bapak Anies  Sebagai Presiden.   #AMINkanIndonesia https://t.co/6ahA5CYGnM,0,0,0,2,in,2309515658,1739679225316286650,Rudetiawanst,https://twitter.com/Rudetiawanst/status/1739679225316286650,2024 Kami Rakyat Indonesia akan menjadi Saksi Sejarah atas Pelantikan Bapak Anies Sebagai Presiden. #AMINkanIndonesia https://t.co/6ahA5CYGnM
93,Tue Dec 26 15:35:36 +0000 2023,1739671311209951256,"@aniesbaswedan InsyaAllah saatnua Indonesia punya Presiden Anies hasil pilpres 14/02/2024 utk wujudkan perubahan Indonesia lebih baik maja adil sehat aman bersatu setara sejajtera utk semua rakyat, aamiin AMIN AMIN AMIN",0,0,0,0,in,1097107026956627968,1739669243371905201,jonsa61664335,https://twitter.com/jonsa61664335/status/1739671311209951256,"InsyaAllah saatnua Indonesia punya Presiden Anies hasil pilpres 14/02/2024 utk wujudkan perubahan Indonesia lebih baik maja adil sehat aman bersatu setara sejajtera utk semua rakyat, aamiin AMIN AMIN AMIN"
94,Tue Dec 26 13:50:20 +0000 2023,1739644819969122452,@liputan6dotcom pak anies presiden indonesia 2024,0,0,0,0,in,1731310091398529024,1739492260465783217,willbionee,https://twitter.com/willbionee/status/1739644819969122452,pak anies presiden indonesia 2024
95,Tue Dec 26 13:33:47 +0000 2023,1739640651812413756,Inilah calon pemimpin yang langka..tidak perlu banyak APK alias baliho segede gaban yg merusak keindahan..dulu aja SBY pernah apk sedikit tapi akhir y jd pemenang.. bismillah semoga pak anies jadi presiden indonesia 2024.,0,0,0,0,in,1241596438561181696,1739640651812413756,iskandar45v,https://twitter.com/iskandar45v/status/1739640651812413756,Inilah calon pemimpin yang langka..tidak perlu banyak APK alias baliho segede gaban yg merusak keindahan..dulu aja SBY pernah apk sedikit tapi akhir y jd pemenang.. bismillah semoga pak anies jadi presiden indonesia 2024.
96,Tue Dec 26 13:28:10 +0000 2023,1739639239841907076,"Setuju 100 % !!!!  2024 pa anies calon yg tepat untuk jadi presiden !!!  Buka mata , buka hati wahai RAKYAT INDONESIA !!!!  #AniesMuhaimin2024  #AMINAjaDulu  #AminPalingSiapUntukIndonesia",0,0,0,0,in,1476202384179163143,1739639239841907076,BobotohnaTV,https://twitter.com/BobotohnaTV/status/1739639239841907076,"Setuju 100 % !!!! 2024 pa anies calon yg tepat untuk jadi presiden !!! Buka mata , buka hati wahai RAKYAT INDONESIA !!!! #AniesMuhaimin2024 #AMINAjaDulu #AminPalingSiapUntukIndonesia"
97,Tue Dec 26 12:05:59 +0000 2023,1739618560341889096,"@aniesbaswedan Mari kita rakyat Indonesia kita percayakan suara kita utk kemenangan Anies Muhaimin pd pilpres 14/02/2024 agar pendidikan kesehatan murah terwujud bg kesejahteraan rskyat semua, mari kita menangkan Anies jadi Presiden RI ke 8, aamiin AMIN AMIN AMIN",0,0,2,5,in,1097107026956627968,1739617092876525766,jonsa61664335,https://twitter.com/jonsa61664335/status/1739618560341889096,"Mari kita rakyat Indonesia kita percayakan suara kita utk kemenangan Anies Muhaimin pd pilpres 14/02/2024 agar pendidikan kesehatan murah terwujud bg kesejahteraan rskyat semua, mari kita menangkan Anies jadi Presiden RI ke 8, aamiin AMIN AMIN AMIN"
98,Tue Dec 26 11:16:38 +0000 2023,1739606137723555938,Yuk kita ajak Rakyat Indonesia secara Aklamasi dukung Pasangan Anies &amp  Muhaimin menjadi Presiden &amp  Wakil Presiden RI Periode 2024 - 2029..!! https://t.co/c0i0Xf4wuY,0,0,40,118,in,1401837073166860291,1739606137723555938,DaengWahidin2,https://twitter.com/DaengWahidin2/status/1739606137723555938,Yuk kita ajak Rakyat Indonesia secara Aklamasi dukung Pasangan Anies &amp Muhaimin menjadi Presiden &amp Wakil Presiden RI Periode 2024 - 2029..!! https://t.co/c0i0Xf4wuY
99,Tue Dec 26 11:15:05 +0000 2023,1739605749939179741,@Islahuddyn @MandarosatiIr In Sya Allah Pak Anies 2024 Presiden Beliau akan Lantang di PBB dan Forum Internasional karena Bahasa dan diplomasi beliau Negara2 akan mangut2 dengar Bahasa Lugas yg enak di Fahami dari Beliau dan Indonesia Naik Tinggkat di Kanca Dunia.,0,0,0,1,in,742742297440227328,1738874432855376373,Mohamad_Fathih,https://twitter.com/Mohamad_Fathih/status/1739605749939179741,In Sya Allah Pak Anies 2024 Presiden Beliau akan Lantang di PBB dan Forum Internasional karena Bahasa dan diplomasi beliau Negara2 akan mangut2 dengar Bahasa Lugas yg enak di Fahami dari Beliau dan Indonesia Naik Tinggkat di Kanca Dunia.
100,Tue Dec 26 11:01:52 +0000 2023,1739602424221127076,Insya Allah Anies Baswedan jadi Presiden Indonesia di 2024. Hingga di pilpres 2029 kita akan menyaksikan semua capres berkampanye dengan cara yang lebih hebat dari 'Desak Anies' agar bisa menang.  Demokrasi indonesia makin berkualitas dan masyarakat jadi tercerdaskan.,0,0,1,1,in,1700343302992891904,1739602424221127076,SetyoWind,https://twitter.com/SetyoWind/status/1739602424221127076,Insya Allah Anies Baswedan jadi Presiden Indonesia di 2024. Hingga di pilpres 2029 kita akan menyaksikan semua capres berkampanye dengan cara yang lebih hebat dari 'Desak Anies' agar bisa menang. Demokrasi indonesia makin berkualitas dan masyarakat jadi tercerdaskan.
101,Tue Dec 26 09:56:14 +0000 2023,1739585907278422459,"@MichelAdam7__ Anies Presiden RI 2024 -2029 Siap untuk membawa Indonesia mencapai perubahan"" untuk terbang tinggi mencapai cita-cita adil dan makmur.""",0,0,0,1,in,121014628,1739444905611780445,ahsitumorang,https://twitter.com/ahsitumorang/status/1739585907278422459,"Anies Presiden RI 2024 -2029 Siap untuk membawa Indonesia mencapai perubahan"" untuk terbang tinggi mencapai cita-cita adil dan makmur."""
102,Tue Dec 26 08:47:06 +0000 2023,1739568506415599941,@CNNIndonesia pak anies presiden indonesia 2024,0,0,0,0,in,1731173338037575680,1739211064771014726,muriaannisaa,https://twitter.com/muriaannisaa/status/1739568506415599941,pak anies presiden indonesia 2024
103,Tue Dec 26 07:30:44 +0000 2023,1739549288630534565,"@mfathurridlo saya siap dukung pak anies baswedan sebagai presiden 2024, beliau cerdas,berwibawa, dan mampu untuk berpikir luas, semoga menjadi pemimpin yang amanah dan bisa membawa perubahan untuk indonesia lebih maju...",0,0,0,0,in,2758844307,1738896954577543360,HannaSurana,https://twitter.com/HannaSurana/status/1739549288630534565,"saya siap dukung pak anies baswedan sebagai presiden 2024, beliau cerdas,berwibawa, dan mampu untuk berpikir luas, semoga menjadi pemimpin yang amanah dan bisa membawa perubahan untuk indonesia lebih maju..."
104,Tue Dec 26 07:30:15 +0000 2023,1739549167322837255,@mfathurridlo Pak anies udah paling toppp jadi presiden 2024!! ğŸ“·ğŸ“· semoga bapak bisa membawa perubahan banyak untuk Indonesia kedepannya. ğŸ“·ğŸ“·,0,0,0,0,in,2758844307,1738896954577543360,HannaSurana,https://twitter.com/HannaSurana/status/1739549167322837255,Pak anies udah paling toppp jadi presiden 2024!! ğŸ“·ğŸ“· semoga bapak bisa membawa perubahan banyak untuk Indonesia kedepannya. ğŸ“·ğŸ“·
105,Tue Dec 26 07:21:32 +0000 2023,1739546973051699544,@mfathurridlo Berharap Indonesia lebih baik ditangan pak Anies. Saya dukung paslon 1 menjadi presiden 2024 ğŸ“·,0,0,0,1,in,2234510821,1738896954577543360,Ahmad_Danynipo,https://twitter.com/Ahmad_Danynipo/status/1739546973051699544,Berharap Indonesia lebih baik ditangan pak Anies. Saya dukung paslon 1 menjadi presiden 2024 ğŸ“·
106,Tue Dec 26 07:20:03 +0000 2023,1739546602002645423,Pak Anies Baswedan sangat cocok jadi presiden 2024 untuk Indonesia yang lebih baik karena sudah terbukti kinerjanya selama ini.,0,0,0,0,in,764154529000611840,1739546602002645423,DadangRusmanaf,https://twitter.com/DadangRusmanaf/status/1739546602002645423,Pak Anies Baswedan sangat cocok jadi presiden 2024 untuk Indonesia yang lebih baik karena sudah terbukti kinerjanya selama ini.
107,Tue Dec 26 07:14:17 +0000 2023,1739545149179634160,Semangat pak anies lanjutkan visi dan misi mu untuk negara Indonesia.. Semoga terpilih menjadi presiden tahun 2024,0,0,0,0,in,892070718766284802,1739545149179634160,TitinSumintin,https://twitter.com/TitinSumintin/status/1739545149179634160,Semangat pak anies lanjutkan visi dan misi mu untuk negara Indonesia.. Semoga terpilih menjadi presiden tahun 2024
108,Tue Dec 26 07:13:35 +0000 2023,1739544974684016858,Semoga pak anies menjadi presiden RI karena mempunyai gagagsan dan visi misi yang jelas untuk indonesia maju di 2024 https://t.co/3NYxJYJS6b,0,0,0,0,in,2758844307,1739544974684016858,HannaSurana,https://twitter.com/HannaSurana/status/1739544974684016858,Semoga pak anies menjadi presiden RI karena mempunyai gagagsan dan visi misi yang jelas untuk indonesia maju di 2024 https://t.co/3NYxJYJS6b
109,Tue Dec 26 07:11:06 +0000 2023,1739544348365291883,Semoga pak Anies menjadi presiden 2024 yang mampu membawa Indonesia lebih maju &amp  baik lagi https://t.co/x7B1VQEflf,0,0,0,0,in,764154529000611840,1739544348365291883,DadangRusmanaf,https://twitter.com/DadangRusmanaf/status/1739544348365291883,Semoga pak Anies menjadi presiden 2024 yang mampu membawa Indonesia lebih maju &amp baik lagi https://t.co/x7B1VQEflf
110,Tue Dec 26 06:44:26 +0000 2023,1739537636581405162,@CNNIndonesia @prabowogibran02 Indonesia perlu perubahan bismillahirrahmanirrahim dg izin Alloh SWT Anies Baswedan Presiden Republik Indonesia 2024-2029,0,0,0,0,in,1720438848105402368,1738883706323128519,JujurKeren40418,https://twitter.com/JujurKeren40418/status/1739537636581405162,Indonesia perlu perubahan bismillahirrahmanirrahim dg izin Alloh SWT Anies Baswedan Presiden Republik Indonesia 2024-2029
111,Tue Dec 26 06:12:56 +0000 2023,1739529711636877602,@Yurissa_Samosir @AdamVelcro @AdeDhani9 @AkalSehat2024 @aking_adit @chaidar_2000 @Kang_Toniee @RidNgemil @NohCeukenohhh Rakyat Indonesia sudah tidak sabar menyaksikan pak Anies menjadi presiden RI 2024.   Makin kesini makin AMINaja,0,0,0,1,in,2597366544,1739490476796043400,EbyRomy,https://twitter.com/EbyRomy/status/1739529711636877602,Rakyat Indonesia sudah tidak sabar menyaksikan pak Anies menjadi presiden RI 2024. Makin kesini makin AMINaja
112,Tue Dec 26 04:55:09 +0000 2023,1739510135821934893,@mfathurridlo Aamiin... Anies - Muhaimin presiden RI &amp  wakil presiden republik Indonesia ke 8 tahun 2024,0,0,0,1,in,65403434,1738896954577543360,LusiJamilah,https://twitter.com/LusiJamilah/status/1739510135821934893,Aamiin... Anies - Muhaimin presiden RI &amp wakil presiden republik Indonesia ke 8 tahun 2024
113,Tue Dec 26 04:41:04 +0000 2023,1739506592465514611,"Yaps betul, Anies bisa jadi presiden kalo Org Indonesia sudah cerdas. Jadi 2024 apakah benar Indonesia sudah jadi negara maju?",0,0,0,0,in,837189500,1739506592465514611,BadruDjaman,https://twitter.com/BadruDjaman/status/1739506592465514611,"Yaps betul, Anies bisa jadi presiden kalo Org Indonesia sudah cerdas. Jadi 2024 apakah benar Indonesia sudah jadi negara maju?"
114,Tue Dec 26 04:12:21 +0000 2023,1739499364463370619,"Keren deh pokoknya kalo pasangan Anies Dan Cak Imin jadi presiden,2024 Indonesia pasti akan majuğŸ’ªğŸ¤— https://t.co/OE7q2J5kSh",0,0,0,1,in,1161497775709839366,1739499364463370619,AshillaWini,https://twitter.com/AshillaWini/status/1739499364463370619,"Keren deh pokoknya kalo pasangan Anies Dan Cak Imin jadi presiden,2024 Indonesia pasti akan majuğŸ’ªğŸ¤— https://t.co/OE7q2J5kSh"
115,Tue Dec 26 03:33:06 +0000 2023,1739489486302744621,"@Ombahku @aniesbaswedan Semoga Allah selalu menjaga pak Anies, memudahkan jalan dan memberi nya keridhoan dan keberkahan utk menjadi presiden Indonesia 2024",0,0,0,0,in,485385284,1739463048665174407,ronavioleta,https://twitter.com/ronavioleta/status/1739489486302744621,"Semoga Allah selalu menjaga pak Anies, memudahkan jalan dan memberi nya keridhoan dan keberkahan utk menjadi presiden Indonesia 2024"
116,Tue Dec 26 03:15:44 +0000 2023,1739485115661910411,"@mfathurridlo Lebih dari 5 waktu selalu berdoa di sertai Aaaamiin...!! Aaaamiin..!! Aaaamiin..!!  2024 pak ANIES presiden Indonesia Aaaamiin ya Allah ya robbal a,lamin..!!  ğŸ™‹âœŠâ¤ğŸ™",0,0,0,1,in,1110869420388171777,1738896954577543360,alkohosl,https://twitter.com/alkohosl/status/1739485115661910411,"Lebih dari 5 waktu selalu berdoa di sertai Aaaamiin...!! Aaaamiin..!! Aaaamiin..!! 2024 pak ANIES presiden Indonesia Aaaamiin ya Allah ya robbal a,lamin..!! ğŸ™‹âœŠâ¤ğŸ™"
117,Tue Dec 26 02:29:19 +0000 2023,1739473437209575932,@kumparan Takdir dari langit hanya menjadikan Anies dan gerombolan2nya yg radikal hanya sebatas capres doang gak bakal mungkin bisa menjadi presiden Indonesia catat2 baik omongan gue ini jika gak percaya lihat saja nanti 2024 presiden yg terpilih bukan anies,0,0,0,0,in,1723303770627715072,1739152630818189455,Black_Hunter_9,https://twitter.com/Black_Hunter_9/status/1739473437209575932,Takdir dari langit hanya menjadikan Anies dan gerombolan2nya yg radikal hanya sebatas capres doang gak bakal mungkin bisa menjadi presiden Indonesia catat2 baik omongan gue ini jika gak percaya lihat saja nanti 2024 presiden yg terpilih bukan anies
118,Mon Dec 25 22:42:04 +0000 2023,1739416246767255645,@keuangannews_id Ayoo gasss pilih pak anies menjadi presiden Indonesia 2024,0,0,0,0,in,1727642679562158080,1739180495257452849,Iksanirsn,https://twitter.com/Iksanirsn/status/1739416246767255645,Ayoo gasss pilih pak anies menjadi presiden Indonesia 2024
119,Mon Dec 25 19:12:49 +0000 2023,1739363585544040941,"AM1N kan, Minggir wir...nyapres 3X gagal...ngga laku dijual...saatnya Indonesia berubah secara fundamental...dengan beretika dan berakal...2024 ganti presiden baru presiden berdaulat presiden perubahan Inshaa Allah Anies cak Imin salam perubahan",0,0,0,0,in,109096440,1739363585544040941,syahfa,https://twitter.com/syahfa/status/1739363585544040941,"AM1N kan, Minggir wir...nyapres 3X gagal...ngga laku dijual...saatnya Indonesia berubah secara fundamental...dengan beretika dan berakal...2024 ganti presiden baru presiden berdaulat presiden perubahan Inshaa Allah Anies cak Imin salam perubahan"
120,Mon Dec 25 18:27:11 +0000 2023,1739352101715910793,Saatnya Indonesia berubah 2024 ganti presiden baru presiden berdaulat presiden perubahan Inshaa Allah bersama Anies cak Imin salam perubahan,0,0,0,0,in,109096440,1739352101715910793,syahfa,https://twitter.com/syahfa/status/1739352101715910793,Saatnya Indonesia berubah 2024 ganti presiden baru presiden berdaulat presiden perubahan Inshaa Allah bersama Anies cak Imin salam perubahan
121,Mon Dec 25 18:25:39 +0000 2023,1739351718419464658,"Saat nya Indonesia berubah, 2024 ganti presiden baru presiden berdaulat presiden perubahan Inshaa Allah Anies cak Imin salam perubahan",0,0,0,0,in,109096440,1739351718419464658,syahfa,https://twitter.com/syahfa/status/1739351718419464658,"Saat nya Indonesia berubah, 2024 ganti presiden baru presiden berdaulat presiden perubahan Inshaa Allah Anies cak Imin salam perubahan"
122,Mon Dec 25 16:35:09 +0000 2023,1739323908275552655,@MuhammadAly07 @sutanmangara Allahu Akbar....Anies Baswedan Presiden REPUBLIK INDONESIA 2024,0,0,0,1,in,1634947305014181888,1738949918566527067,MulkanSarin,https://twitter.com/MulkanSarin/status/1739323908275552655,Allahu Akbar....Anies Baswedan Presiden REPUBLIK INDONESIA 2024
123,Mon Dec 25 16:05:38 +0000 2023,1739316480209195359,"@Fahrihamzah Kami bersama masyarakat jabodetabek mendukung penuh paslon no 2 layak menjadi capres cawapres Indonesia 2024, dan kami bersama masyarakat jabodetabek pula mendoakan Anies Rasyid Baswedan menjadi presiden Republik IndonesiağŸ‡®ğŸ‡© 2024âœŠ",0,0,0,0,in,1733997707403169792,1739078807817269452,duniafuntazie,https://twitter.com/duniafuntazie/status/1739316480209195359,"Kami bersama masyarakat jabodetabek mendukung penuh paslon no 2 layak menjadi capres cawapres Indonesia 2024, dan kami bersama masyarakat jabodetabek pula mendoakan Anies Rasyid Baswedan menjadi presiden Republik IndonesiağŸ‡®ğŸ‡© 2024âœŠ"
